gen,candidate,kind,fitness,homeGoals,awayGoals,goalDiff,shotDiff,boxDiff,attThirdDiff,possDiff,reversals,transPerSec,stationary,ShootRangeNear,ShootRangeFar,ShootScoreNear,ShootScoreFar,ShootPressurePenalty,RoleAttackForward,RoleAttackMidfielder,RoleAttackDefender,PassBaseScore,PassScoreScale,PassPressureBonus,PassFarBonus,CrossBonus,DribbleBaseScore,DribbleLaneBonus,DribbleFreeSpaceBonus,ClearScore,ChaseBaseScore,HoldBaseScore,CommitmentBonus,AttackDepthDefender,AttackDepthMidfielder,AttackDepthForward,HomePositionLerp,DeepRunDepth
0,parent,parent,8.3709,1.000,0.000,1.000,0.000,2.000,318.500,2.579,111.000,1.353,14.433,900,1400,100,60,10,1.2,1,0.7,30,0.02,25,10,20,50,15,10,65,85,50,15,0.55,0.7,0.85,0.45,0.9
0,child0,child,-10.6137,0.000,1.000,-1.000,0.000,0.000,109.000,2.224,52.000,0.707,103.150,1008,1639,99.81,57.47,8.482,1.145,0.983,0.7808,27.28,0.01642,24.85,8.966,19.77,55.3,18.09,10.68,59.8,73.44,51,14.53,0.6378,0.8644,0.8434,0.503,0.8
0,child1,child,2.7828,1.000,0.000,1.000,0.000,1.000,101.317,0.598,128.000,1.593,13.033,799,1306,99.58,60.55,10.64,1.295,1.27,0.7716,34.34,0.01724,27.52,9.847,19.93,49.53,15.07,11.45,60.02,93.73,49.36,15.21,0.5567,0.5519,0.7842,0.5722,1
0,child2,child,7.7631,1.000,0.000,1.000,0.000,2.000,261.817,2.495,58.000,0.973,14.433,1081,1412,109.9,69.22,8.695,1.307,1.015,0.6511,27.89,0.02102,16.12,10.18,21.07,46.36,14.2,9.335,82.47,81.53,46.56,13.08,0.5213,0.6719,0.9354,0.4569,0.8923
0,child3,child,-0.7148,0.000,0.000,0.000,0.000,0.000,170.233,0.091,244.000,3.167,14.083,956.8,1364,77.56,60.89,9.707,0.9701,0.9473,0.6405,29.19,0.02207,27.07,10.79,17.48,44.54,12.14,10.8,60.76,77.18,48.68,15.82,0.601,0.7036,0.8799,0.4857,0.9183
0,child4,child,1.8378,0.000,0.000,0.000,0.000,2.000,172.933,1.288,124.000,1.480,12.767,1049,1494,77.99,58.26,11.31,0.9988,1.121,0.6995,35.23,0.02341,23.64,10.06,21.54,55.49,17.25,7.016,69.04,81.34,55.64,12.91,0.511,0.632,1,0.5225,0.8
0,child5,child,4.5556,1.000,1.000,0.000,0.000,1.000,269.883,2.174,56.000,1.260,14.433,963.5,1506,98.31,59.02,10.29,1.238,0.9194,0.8634,31.69,0.02222,23.17,10.3,19.88,55.64,18.1,10.66,71.28,109.2,46.14,13.44,0.6648,0.5728,1,0.4926,0.8
0,child6,child,6.7633,1.000,0.000,1.000,0.000,2.000,220.883,2.705,94.000,1.133,13.533,926.6,1664,85.61,68.16,8.442,1.185,1.07,0.8445,30.64,0.01793,18.87,10.3,17,60.32,11.31,9.074,63.3,73.74,47.23,16.81,0.4874,0.7909,0.9255,0.5707,1
0,child7,child,3.2086,0.000,0.000,0.000,0.000,0.000,196.283,2.778,66.000,0.647,13.817,1148,1638,91.1,62.61,7.648,1.156,0.8773,0.6584,28.07,0.01804,25.86,10.92,18.31,46.86,20.44,9.697,64.71,87.08,62.12,12.72,0.4973,0.6228,0.9096,0.3767,0.8538
1,parent,parent,6.0604,2.000,0.000,2.000,0.000,3.000,94.283,0.076,117.000,1.813,11.117,900,1400,100,60,10,1.2,1,0.7,30,0.02,25,10,20,50,15,10,65,85,50,15,0.55,0.7,0.85,0.45,0.9
1,child0,child,0.0408,0.000,0.000,0.000,0.000,1.000,84.467,0.359,92.000,1.047,10.033,985,1322,109.3,57.93,10.25,1.172,1.002,0.6062,31.24,0.01987,20.27,9.877,18.61,54.87,16.25,8.938,72.78,91.32,65.69,18,0.5305,0.729,0.7356,0.3873,0.8319
1,child1,child,6.4483,1.000,0.000,1.000,0.000,3.000,248.133,0.232,95.000,1.287,11.517,833.2,1286,99.27,53.27,12,1.298,0.9032,0.7871,24.85,0.01964,25.43,11.52,19.12,42.73,14.86,10.81,72.68,88.09,42.58,14,0.557,0.7949,0.885,0.3692,0.8014
1,child2,child,3.1757,1.000,0.000,1.000,0.000,2.000,117.500,1.141,139.000,1.547,16.000,780.4,1510,93.56,57.39,9.244,1.168,1.095,0.6753,24.76,0.02244,30.11,10.53,19.57,43.88,17.37,7.766,70.51,84.26,38.94,15.27,0.6872,0.7237,0.8837,0.4602,1
1,child3,child,2.8429,0.000,0.000,0.000,0.000,3.000,260.733,0.960,184.000,2.253,13.867,907.5,1133,105.3,60.93,10.58,1.187,0.8008,0.7394,31.15,0.02396,24.2,10.36,18.9,46.11,15.48,11.48,59.83,88.12,66.55,13.21,0.6354,0.6334,0.8248,0.4613,1
1,child4,child,-2.5598,0.000,1.000,-1.000,0.000,1.000,89.917,1.040,75.000,1.280,12.000,1105,1264,109.7,57.09,9.769,1.459,1.276,0.6842,28.65,0.02634,23.09,10.31,20.04,53.05,16.91,11.18,69.53,89.59,52.71,13.74,0.5925,0.7148,0.9013,0.4374,0.9283
1,child5,child,2.0323,0.000,0.000,0.000,0.000,2.000,209.417,1.233,170.000,1.893,12.833,811,1436,109.8,59.43,8.475,1.145,0.9441,0.698,28.82,0.02264,24.75,9.879,18.89,43.34,15.49,11.08,71.68,83.22,53.32,16.13,0.5135,0.6969,0.7149,0.3938,0.9186
1,child6,child,5.0968,0.000,0.000,0.000,0.000,4.000,324.467,0.900,111.000,0.993,14.333,921.4,1201,94.87,61.39,9.576,1.184,0.7931,0.7457,25.68,0.01641,30.51,9.591,18.29,49.89,12.85,8.692,62.87,72.32,48.11,13.18,0.4346,0.7454,0.8523,0.4785,1
1,child7,child,11.8070,3.000,0.000,3.000,0.000,4.000,197.200,1.077,110.000,2.020,11.733,1031,1355,119,60.78,9.791,1.378,0.9186,0.8241,25.23,0.02118,25.68,13.03,19.88,58.52,13.97,8.819,54.27,85.4,49.05,13.56,0.5315,0.6449,1,0.4139,1
2,parent,parent,4.2322,1.000,0.000,1.000,0.000,1.000,118.317,1.225,70.000,0.933,11.533,1031,1355,119,60.78,9.791,1.378,0.9186,0.8241,25.23,0.02118,25.68,13.03,19.88,58.52,13.97,8.819,54.27,85.4,49.05,13.56,0.5315,0.6449,1,0.4139,1
2,child0,child,7.8479,2.000,0.000,2.000,0.000,2.000,168.150,0.466,88.000,1.767,10.917,1192,1242,128.5,58.65,11.72,1.346,0.8118,0.8185,27.99,0.0252,32.98,14.4,21.04,71.54,15.53,7.645,56.83,96.01,48.33,14.64,0.4408,0.6368,0.8665,0.3037,1
2,child1,child,14.1723,3.000,0.000,3.000,0.000,5.000,293.617,2.101,113.000,2.273,13.933,1097,1278,105.2,54.14,7.807,1.3,0.8552,0.9633,28.86,0.02212,25.48,12.88,23.55,54.33,13.71,8.485,48.95,77.25,37.83,15.2,0.482,0.7148,1,0.5065,1
2,child2,child,17.9782,4.000,0.000,4.000,0.000,5.000,329.083,2.702,123.000,2.193,15.050,1208,1626,139.3,60.6,8.125,1.367,0.9845,1.077,25.28,0.01822,25.58,15.09,18.73,44.06,13.01,9.864,51.48,88.88,43.26,16.02,0.4656,0.7642,1,0.4356,0.8577
2,child3,child,-0.3666,1.000,1.000,0.000,0.000,0.000,54.667,1.912,83.000,1.427,14.433,1232,1129,102.3,62.18,9.141,1.596,1.019,0.8815,23.54,0.02205,28.64,15.03,19.54,58.38,12.82,10.2,49.6,88.84,52.94,11.98,0.6192,0.6033,0.9922,0.406,0.9181
2,child4,child,7.7680,1.000,0.000,1.000,0.000,2.000,296.700,0.903,77.000,0.940,11.533,1076,1373,93.75,50.11,9.725,1.256,0.8968,0.7984,23.18,0.01894,30.88,14.26,21.89,59.29,14.66,8.402,49.62,94.72,51.61,13.59,0.4928,0.7083,1,0.3842,1
2,child5,child,-2.3287,0.000,1.000,-1.000,0.000,0.000,89.283,2.101,63.000,0.800,14.550,849.7,1421,128.2,51.02,8.498,1.367,0.827,0.7865,19.54,0.0181,24.21,13.06,20.5,62.11,16.52,8.166,50.86,95.49,33.82,11.84,0.5644,0.5062,0.8656,0.3371,1
2,child6,child,5.0917,1.000,0.000,1.000,0.000,2.000,174.683,2.569,148.000,1.013,15.050,1024,1436,111,59.5,10.53,1.305,0.9596,1.018,24.29,0.01893,29.2,12.58,17.39,69.36,13.27,9.238,52.37,101.8,60.84,12.98,0.5416,0.6622,1,0.3896,1
2,child7,child,-44.9927,0.000,0.000,0.000,0.000,0.000,0.000,0.015,0.000,0.000,450.000,1025,1253,107.3,70.21,8.924,1.554,0.9766,0.8664,29.71,0.0215,24.71,13.89,21.06,57.39,14.45,9.158,58.48,79.38,63.08,11.23,0.5179,0.6998,0.8601,0.3568,0.9734
3,parent,parent,6.4292,1.000,0.000,1.000,0.000,4.000,230.117,1.445,124.000,1.907,12.650,1208,1626,139.3,60.6,8.125,1.367,0.9845,1.077,25.28,0.01822,25.58,15.09,18.73,44.06,13.01,9.864,51.48,88.88,43.26,16.02,0.4656,0.7642,1,0.4356,0.8577
3,child0,child,1.2806,0.000,0.000,0.000,0.000,0.000,106.083,2.654,61.000,0.533,15.050,1191,1557,149.1,55.17,8.393,1.343,1.212,1.285,26.03,0.0167,26.26,14.69,18.01,46.24,14.7,9.17,55.3,98.32,45.13,17.64,0.415,0.8435,1,0.4078,0.9097
3,child1,child,1.7023,0.000,0.000,0.000,0.000,2.000,232.283,0.734,106.000,0.920,25.583,1341,1626,116.7,70.5,7.964,1.097,1.017,1.174,24.07,0.01851,32.38,19.83,16.48,47.47,14.84,10.62,54.47,94.19,49.69,16.75,0.5201,0.7329,0.9586,0.4498,0.8174
3,child2,child,1.8230,2.000,1.000,1.000,0.000,3.000,85.450,-0.074,167.000,2.740,15.050,973.9,1864,139.4,70.23,10.02,1.442,0.7708,0.9922,29.41,0.02095,33.23,15.53,20.29,37.98,14.06,9.149,43.49,85.82,49.66,16.1,0.5319,0.7368,1,0.4075,0.8551
3,child3,child,-6.0514,2.000,0.000,2.000,0.000,3.000,43.267,0.287,131.000,2.153,121.350,1118,1749,132.8,57.42,8.23,1.516,0.924,1.097,18.98,0.02266,26.37,13.48,20.14,31.57,12.86,10.86,45.19,84.15,53.1,13.95,0.4261,0.8956,0.8626,0.4221,0.91
3,child4,child,-0.3853,0.000,0.000,0.000,0.000,0.000,24.750,1.614,49.000,0.573,11.400,1002,1562,137.8,63.6,6.92,1.589,1.064,1.054,22.08,0.01778,21.24,14.93,21.94,44.63,14.09,9.29,44.39,81.5,46.04,14.69,0.4375,0.6619,1,0.4036,0.8
3,child5,child,6.4683,1.000,0.000,1.000,0.000,3.000,236.883,1.347,103.000,1.727,13.400,1082,1625,126.6,55.28,7.212,1.317,1.03,0.9118,23.96,0.0247,28.1,15.02,16.95,48.09,15.94,12.1,51.77,87.15,48.83,17.11,0.4303,0.7404,1,0.3663,0.8
3,child6,child,4.7908,0.000,0.000,0.000,0.000,3.000,306.467,1.142,111.000,1.347,12.650,1006,1536,145.3,63.48,9.754,1.4,1.135,1.049,27.03,0.02378,24.47,12.09,20.02,42.09,12.43,8.44,49.56,80.96,44.19,15.91,0.39,0.8126,1,0.4162,0.8941
3,child7,child,8.2796,2.000,0.000,2.000,0.000,3.000,202.617,0.566,121.000,2.107,12.350,1329,1659,114.7,64.61,6.85,1.532,1.048,0.8296,28.67,0.02162,25.1,15.33,21.7,36.53,15.26,9.95,61.32,68.44,41.25,16.64,0.4625,0.7859,0.8786,0.3468,0.9101
4,parent,parent,7.1423,2.000,0.000,2.000,0.000,2.000,153.567,1.315,133.000,2.133,14.433,1329,1659,114.7,64.61,6.85,1.532,1.048,0.8296,28.67,0.02162,25.1,15.33,21.7,36.53,15.26,9.95,61.32,68.44,41.25,16.64,0.4625,0.7859,0.8786,0.3468,0.9101
4,child0,child,16.5710,6.000,0.000,6.000,0.000,8.000,253.633,1.983,34.000,2.100,85.433,1269,1710,102.4,54.13,8.232,1.491,1.473,0.7038,28,0.01947,23.71,14.23,21.66,43.39,17.52,9.426,68.19,70.6,33.95,15.02,0.4344,0.7892,0.869,0.3674,0.8
4,child1,child,1.2266,1.000,0.000,1.000,0.000,0.000,-34.933,2.222,66.000,0.827,14.433,1330,1818,110.4,66.19,8.39,1.73,1.171,0.8339,25.71,0.02242,28.74,12.85,21.62,40.26,14.02,9.023,56.16,60.82,36.53,15.07,0.5192,0.9,0.7603,0.3889,0.9049
4,child2,child,-44.9931,0.000,0.000,0.000,0.000,0.000,0.000,0.014,0.000,0.000,450.000,1158,1537,133.7,66.08,7.666,1.053,1.024,0.8194,35.72,0.02182,21.79,17.09,26.76,37.71,19.82,9.237,57.89,60,42.88,18.56,0.4535,0.757,0.8721,0.3754,0.8854
4,child3,child,16.9341,6.000,0.000,6.000,0.000,6.000,172.917,0.707,203.000,4.327,36.150,1528,1585,91.76,65.31,6.896,1.8,1.054,0.9309,33.61,0.02366,26.78,14.13,23.08,34.22,11.79,9.133,51.82,70.26,44.84,13.66,0.4482,0.7471,0.8389,0.362,1
4,child4,child,-0.1014,0.000,0.000,0.000,0.000,1.000,149.367,0.068,204.000,2.547,10.283,1251,1587,99.36,60.45,7.055,1.179,1.144,1.072,30.66,0.02124,28.79,13.49,24.19,35.56,13.54,10.09,54.27,61.87,38.28,17.59,0.4807,0.7653,1,0.3268,0.9769
4,child5,child,6.9637,2.000,0.000,2.000,0.000,2.000,113.817,1.671,98.000,1.867,13.817,1600,1821,95.16,68.58,5.586,1.392,1.043,0.6358,24.89,0.0191,27.68,13.67,29.95,35.47,16.74,9.575,56.34,74.72,36.33,21.28,0.4912,0.7746,0.9367,0.3955,0.9765
4,child6,child,-2.6969,0.000,0.000,0.000,0.000,0.000,-9.400,1.050,177.000,2.420,10.217,1299,1548,121.3,48.87,7.682,1.478,1.153,0.7317,31.51,0.01993,24.11,13.72,19.96,30.15,14.06,9.836,78.7,84.53,46.87,21.94,0.5048,0.8774,1,0.3762,0.8381
4,child7,child,0.1699,1.000,0.000,1.000,0.000,0.000,-93.867,2.257,55.000,0.880,14.433,1260,1826,112,57.43,6.006,1.517,1.122,0.7591,23.2,0.02303,26.11,12.03,21.25,39.29,15.61,10.07,54.74,85.24,34.89,13.45,0.4861,0.8041,0.8236,0.3886,1
5,parent,parent,17.6249,5.000,0.000,5.000,0.000,5.000,205.617,1.102,147.000,3.233,12.450,1528,1585,91.76,65.31,6.896,1.8,1.054,0.9309,33.61,0.02366,26.78,14.13,23.08,34.22,11.79,9.133,51.82,70.26,44.84,13.66,0.4482,0.7471,0.8389,0.362,1
5,child0,child,8.5653,1.000,0.000,1.000,0.000,3.000,323.217,2.431,94.000,1.360,16.383,1379,1525,81.76,60.44,7.685,1.8,0.9747,1.031,32.82,0.02123,30.31,12.16,27.77,28.91,13.78,11.25,52.04,72.21,47.74,13.96,0.4496,0.7485,1,0.3491,1
5,child1,child,-44.9922,0.000,0.000,0.000,0.000,0.000,0.000,0.016,0.000,0.000,450.000,1316,1452,81.27,72.17,6.718,1.8,1.115,1.053,33.56,0.01907,33.25,17.9,28.54,34.16,13.99,10.49,57,60,40.28,14.13,0.4887,0.7631,0.8883,0.3065,1
5,child2,child,17.0727,4.000,0.000,4.000,0.000,5.000,310.867,2.285,152.000,2.620,15.050,1448,1767,79.6,67.85,7.587,1.8,1.115,0.9421,33,0.02085,26.81,16.71,22.37,27.74,13.85,8.82,52.57,67.83,41.9,13.18,0.4804,0.7983,0.8561,0.3334,1
5,child3,child,0.0729,1.000,0.000,1.000,0.000,2.000,125.500,-0.126,381.000,5.460,14.183,1454,1486,91.49,69.07,6.18,1.488,0.8818,0.8141,36.35,0.02491,25.09,17.18,22.48,24.58,10.73,7.723,54.1,80.96,48.42,14.6,0.4754,0.9,0.9083,0.3814,1
5,child4,child,-44.9922,0.000,0.000,0.000,0.000,0.000,0.000,0.016,0.000,0.000,450.000,1295,1889,106.7,50.53,8.988,1.796,1.186,0.9768,38.97,0.02475,26.47,12.33,19.18,31.92,12.77,11.33,61.05,65.72,48.78,14,0.4151,0.6869,0.8283,0.3,0.9482
5,child5,child,-3.9502,0.000,0.000,0.000,0.000,0.000,18.933,-0.088,296.000,3.633,9.617,1438,1515,80.77,66.41,6.142,1.316,0.9196,0.7204,35.61,0.0288,24.73,13.53,23.91,35.3,14.83,10.91,58.57,73.93,48.06,16.79,0.4441,0.7144,0.9386,0.3567,1
5,child6,child,0.9430,1.000,0.000,1.000,0.000,1.000,102.083,0.128,266.000,3.827,13.200,1557,1520,95.46,75.21,7.158,1.8,0.9623,0.8402,36.3,0.02106,27.53,14.05,22.84,30.76,10.62,9.661,49.07,64.55,42.22,14.17,0.5169,0.6507,0.7773,0.3565,1
5,child7,child,-44.9922,0.000,0.000,0.000,0.000,0.000,0.000,0.016,0.000,0.000,450.000,1576,1354,79.29,77.51,8.124,1.658,1.184,1.097,44.46,0.02284,26.46,12.38,20.09,44.11,11.74,8.894,53.55,63.6,46.78,11.21,0.3766,0.9,0.7584,0.3595,1
6,parent,parent,11.5537,3.000,0.000,3.000,0.000,4.000,225.900,0.959,148.000,2.440,15.200,1528,1585,91.76,65.31,6.896,1.8,1.054,0.9309,33.61,0.02366,26.78,14.13,23.08,34.22,11.79,9.133,51.82,70.26,44.84,13.66,0.4482,0.7471,0.8389,0.362,1
6,child0,child,6.4191,1.000,0.000,1.000,0.000,2.000,241.817,2.113,120.000,1.687,15.050,1296,1468,99.08,55.62,7.281,1.582,0.8119,1.017,36.61,0.02124,26.63,14.92,20.28,37.66,10.84,10.15,59.64,81.03,44.52,12.16,0.4403,0.8605,1,0.4008,1
6,child1,child,-44.9931,0.000,0.000,0.000,0.000,0.000,0.000,0.014,0.000,0.000,450.000,1486,1319,77.64,64.78,6.131,1.8,1.167,0.8253,36.33,0.02246,25.39,13.66,22.87,30.78,11.15,8.248,57,72.09,53.81,16.9,0.5024,0.8351,0.9748,0.3699,0.8
6,child2,child,2.5417,0.000,0.000,0.000,0.000,1.000,253.067,1.611,183.000,1.900,15.050,1600,1495,78,58.01,7.298,1.567,1.114,1.104,33.15,0.0215,27.2,14.62,19.57,32.13,11.05,9.387,56.76,71.32,43.78,14.34,0.4236,0.737,0.8615,0.3747,1
6,child3,child,-44.9931,0.000,0.000,0.000,0.000,0.000,0.000,0.014,0.000,0.000,450.000,1600,1552,86.7,70.92,6.475,1.522,1.021,0.7815,35.82,0.02817,27.37,13.42,23.76,37.09,11.65,10.19,58.88,60.71,59.1,14.12,0.6532,0.7884,0.9787,0.2556,1
6,child4,child,-10.0673,0.000,0.000,0.000,0.000,-1.000,-107.350,1.442,130.000,1.247,70.167,1600,1672,87.59,78.24,5.975,1.8,1.133,0.9648,33.18,0.02582,28.26,17.09,17.21,36.29,13.08,9.366,50.87,67.43,47.35,14.1,0.399,0.8022,0.8283,0.3797,1
6,child5,child,-44.9931,0.000,0.000,0.000,0.000,0.000,0.000,0.014,0.000,0.000,450.000,1600,1740,110.3,67.35,5.865,1.491,0.8815,0.7693,26.38,0.02259,25.41,11.2,24.18,38.15,10.81,10.16,48.1,60,44.55,14.2,0.4945,0.9,0.8292,0.3679,1
6,child6,child,-44.9931,0.000,0.000,0.000,0.000,0.000,0.000,0.014,0.000,0.000,450.000,1600,1427,111.6,75.05,5.847,1.532,1.03,1.052,30.76,0.02865,35.48,12.31,20.86,32.43,12.22,9.222,46.34,68.29,48.63,12.55,0.4216,0.5964,1,0.4153,1
6,child7,child,-44.9931,0.000,0.000,0.000,0.000,0.000,0.000,0.014,0.000,0.000,450.000,1581,1784,103.2,61.76,8.549,1.8,1.186,0.8137,42.36,0.02421,23.3,14.56,23.55,37.1,9.843,8.854,55.19,65.91,46.36,14.15,0.5081,0.6207,0.8585,0.2703,1
7,parent,parent,8.2156,2.000,0.000,2.000,0.000,3.000,169.033,2.182,121.000,2.047,14.417,1528,1585,91.76,65.31,6.896,1.8,1.054,0.9309,33.61,0.02366,26.78,14.13,23.08,34.22,11.79,9.133,51.82,70.26,44.84,13.66,0.4482,0.7471,0.8389,0.362,1
7,child0,child,-44.9934,0.000,0.000,0.000,0.000,0.000,0.000,0.013,0.000,0.000,450.000,1600,1641,91.37,71.55,6.123,1.8,1.071,0.8889,29.59,0.02301,27.12,13.16,19.89,34.79,12.41,8.77,56.63,60.5,47.48,12.07,0.4739,0.6647,0.854,0.3069,0.8852
7,child1,child,-44.9934,0.000,0.000,0.000,0.000,0.000,0.000,0.013,0.000,0.000,450.000,1497,1772,89.4,68.3,6.041,1.8,0.9036,0.8959,27.1,0.02575,25.75,14.48,25.23,29.55,12.78,9.787,53.44,60.82,45.63,12.92,0.5064,0.6301,0.9088,0.37,0.8512
7,child2,child,-44.9934,0.000,0.000,0.000,0.000,0.000,0.000,0.013,0.000,0.000,450.000,1514,1523,89.07,56.95,7.935,1.611,0.948,1.015,37.45,0.02617,25.12,15.06,21.1,35.27,12.31,10.12,45.33,60,46.21,13.46,0.4564,0.7313,0.8906,0.3065,0.9694
7,child3,child,0.2458,0.000,0.000,0.000,0.000,0.000,137.733,1.024,155.000,2.193,12.517,1600,1689,92.76,69.26,6.759,1.61,1,0.9228,46.21,0.01986,24.99,16.89,22.68,38.89,11.19,10.03,53.68,87,53.13,12.43,0.4148,0.5,0.7165,0.34,1
7,child4,child,6.7578,1.000,0.000,1.000,0.000,2.000,227.600,2.466,100.000,1.340,12.933,1600,1623,90.61,78.67,6.961,1.8,0.934,0.9261,38.62,0.02367,35.7,15.26,25.89,37.59,13.12,10.41,57.4,77.23,42.58,12.9,0.4719,0.7309,0.8624,0.3604,1
7,child5,child,0.6657,0.000,0.000,0.000,0.000,1.000,114.883,2.216,116.000,1.200,16.600,1167,1927,99.31,55.53,6.023,1.8,0.9321,0.9429,29.9,0.02772,33.98,12.81,24.83,37.98,10.89,8.118,46.35,71.14,42.08,12.96,0.428,0.6886,0.8578,0.4477,0.9157
7,child6,child,0.0647,0.000,0.000,0.000,0.000,0.000,130.050,1.297,167.000,2.213,12.933,1600,1636,75.73,74.14,7.145,1.609,0.8514,1.022,36.31,0.02138,24.61,13.63,19.8,36.01,10.26,9.841,53.97,77.08,48.59,12.59,0.4152,0.7233,0.7767,0.3548,0.8166
7,child7,child,17.0262,5.000,0.000,5.000,0.000,7.000,219.700,1.142,244.000,4.673,14.317,1600,1747,83.43,65.26,7.72,1.77,1.008,0.8187,30.19,0.02498,29.86,11.09,20.7,27.73,10.32,10.01,51.28,73.72,48.23,14.13,0.4478,0.6727,0.8611,0.5091,1
8,parent,parent,7.3474,2.000,0.000,2.000,0.000,3.000,201.683,1.160,206.000,2.793,15.267,1600,1747,83.43,65.26,7.72,1.77,1.008,0.8187,30.19,0.02498,29.86,11.09,20.7,27.73,10.32,10.01,51.28,73.72,48.23,14.13,0.4478,0.6727,0.8611,0.5091,1
8,child0,child,-5.9957,0.000,0.000,0.000,0.000,0.000,57.100,-0.484,358.000,4.973,28.183,1595,1827,90.42,69.21,7.258,1.8,1.073,0.733,45.13,0.03324,33.61,11.72,16.98,29.45,9.32,7.747,44.97,71.83,48.28,10.76,0.3811,0.6682,0.9387,0.4175,0.8926
8,child1,child,-0.6002,0.000,0.000,0.000,0.000,1.000,135.617,0.709,211.000,2.353,15.217,1354,1845,81.49,50.16,6.923,1.8,1.171,0.8588,36.83,0.01908,32.55,12.2,20.28,28.19,9.417,10.27,47.41,84.59,49.87,14.42,0.4883,0.6046,0.7424,0.5107,1
8,child2,child,-0.0630,1.000,0.000,1.000,0.000,1.000,37.633,0.252,222.000,3.300,15.917,1523,1799,79.83,73.96,7.136,1.725,0.9493,0.791,29.22,0.03052,31.7,11.53,24.79,27.39,11.14,10.83,54.04,97.24,57.21,11.47,0.4061,0.6891,0.8221,0.5982,1
8,child3,child,1.7783,1.000,0.000,1.000,0.000,2.000,158.783,0.288,303.000,4.847,14.267,1600,1786,67.48,64.62,6.988,1.8,0.8307,0.9314,31.47,0.02779,29.63,9.788,22.99,25.35,9.301,9.736,51.17,79.92,51.24,13.89,0.441,0.678,0.7,0.5683,0.9551
8,child4,child,-4.8818,0.000,0.000,0.000,0.000,-1.000,53.467,-0.265,303.000,4.353,21.533,1340,1734,72.2,63.45,7.035,1.8,1.032,0.6327,32.97,0.02892,23.49,12.1,21.73,23.89,9.098,10.55,52.9,66.4,44.12,13.61,0.4706,0.6326,0.9361,0.4724,0.9901
8,child5,child,-44.9917,0.000,0.000,0.000,0.000,0.000,0.000,0.017,0.000,0.000,450.000,1600,1644,82.74,65.22,7.326,1.762,0.8857,0.7566,28.06,0.02609,34.42,12.29,26.26,29.02,9.948,10.65,50.63,76.8,63.71,16.03,0.5285,0.5921,0.7922,0.404,0.9093
8,child6,child,-44.9917,0.000,0.000,0.000,0.000,0.000,0.000,0.017,0.000,0.000,450.000,1390,1456,87.52,69.35,6.41,1.431,1.096,0.9058,34.77,0.02659,27.71,11.41,25.34,26.34,12.08,8.582,54.91,60,42.01,14.26,0.4165,0.7567,0.9384,0.552,1
8,child7,child,-0.3106,1.000,0.000,1.000,0.000,1.000,97.650,-0.014,344.000,4.880,15.283,1600,1875,83.79,59.24,6.97,1.502,1.005,0.8052,29.94,0.02994,25.52,8.966,19.43,27.81,10.01,12.48,44.53,74.08,44.73,13.7,0.4495,0.6234,0.7,0.4918,0.8916
9,parent,parent,3.3789,2.000,0.000,2.000,0.000,2.000,75.833,-0.284,267.000,4.093,13.167,1600,1747,83.43,65.26,7.72,1.77,1.008,0.8187,30.19,0.02498,29.86,11.09,20.7,27.73,10.32,10.01,51.28,73.72,48.23,14.13,0.4478,0.6727,0.8611,0.5091,1
9,child0,child,-44.9928,0.000,0.000,0.000,0.000,0.000,0.000,0.014,0.000,0.000,450.000,1409,1989,109.8,66.79,7.215,1.8,1.072,0.8461,34.83,0.02425,25.9,11.28,21.13,25.68,10.02,10.43,46.96,66.1,54.46,11.77,0.3932,0.5731,0.8998,0.482,1
9,child1,child,11.4962,4.000,0.000,4.000,0.000,6.000,181.033,1.772,139.000,2.820,45.383,1594,1636,96.46,59.83,9.481,1.8,0.9945,0.6367,28.61,0.02523,24.82,11.95,26.54,34.8,11.25,8.393,60.77,71.68,50.18,16.16,0.4854,0.7722,0.8049,0.5031,1
9,child2,child,-2.9444,0.000,0.000,0.000,0.000,2.000,119.750,-0.236,385.000,5.013,12.700,1252,1578,100.9,68.03,8.284,1.71,0.8433,0.7838,33.78,0.02874,26.61,13.26,18.34,22.17,11.3,7.916,45.94,71,45.19,14.32,0.3838,0.6596,0.8305,0.5321,1
9,child3,child,-3.8170,0.000,0.000,0.000,0.000,0.000,50.300,-0.061,329.000,4.473,10.550,1510,1522,74.29,70.68,7.476,1.436,0.9823,0.7343,31.65,0.02213,29.13,11.01,19.6,24.83,9.511,12.71,55.25,76.78,46.66,14.45,0.503,0.7029,0.778,0.4235,1
9,child4,child,0.1828,1.000,0.000,1.000,0.000,1.000,83.433,-0.034,303.000,3.987,12.400,1600,2233,67.46,70.86,8.375,1.8,1.004,0.6635,27.13,0.02816,28.35,12.1,21.32,23.31,9.663,11.36,47.26,77.98,42.21,14.88,0.4396,0.5554,0.8263,0.4457,0.9956
9,child5,child,4.6653,2.000,0.000,2.000,0.000,1.000,56.067,0.473,140.000,2.240,12.683,1558,1799,85.76,86.52,7.023,1.8,1.092,0.7848,26.4,0.02271,30.12,12.97,17.96,28.49,10.7,11.26,53.43,84.61,53.73,13.06,0.4837,0.5816,0.7496,0.5985,0.9404
9,child6,child,-44.9928,0.000,0.000,0.000,0.000,0.000,0.000,0.014,0.000,0.000,450.000,1600,1873,103.4,62.49,6.485,1.8,1.084,0.8839,28.33,0.02225,29.72,11.65,20.34,33.1,10.26,10.46,53.89,66.3,56.15,13.73,0.4427,0.8592,1,0.4285,0.9904
9,child7,child,-3.7736,1.000,0.000,1.000,0.000,1.000,15.450,-0.992,182.000,2.700,46.967,1269,1931,93.29,72.13,8.316,1.8,0.9166,0.9272,29.08,0.02326,37.61,10.1,22.21,27.73,10.91,10.25,42.21,84.22,49.94,17.7,0.4745,0.5882,0.816,0.4494,0.987
10,parent,parent,4.6677,1.000,0.000,1.000,0.000,1.000,173.450,1.629,94.000,1.327,17.433,1594,1636,96.46,59.83,9.481,1.8,0.9945,0.6367,28.61,0.02523,24.82,11.95,26.54,34.8,11.25,8.393,60.77,71.68,50.18,16.16,0.4854,0.7722,0.8049,0.5031,1
10,child0,child,7.4161,3.000,0.000,3.000,0.000,4.000,87.150,0.115,252.000,4.093,12.550,1600,1659,84.72,64.34,9.366,1.796,1.092,0.5669,32.6,0.02794,38,9.995,27.46,34.99,10.19,7.64,64.18,76.15,42.52,12.82,0.5222,0.7416,0.7,0.5956,0.952
10,child1,child,-44.9936,0.000,0.000,0.000,0.000,0.000,0.000,0.013,0.000,0.000,450.000,1600,1634,114,63.39,7.956,1.599,1.073,0.679,27.79,0.02316,26.01,12.95,28.88,34.51,10.52,7.045,58.75,66.44,47.46,19.57,0.5454,0.7408,0.821,0.3355,1
10,child2,child,18.4043,5.000,0.000,5.000,0.000,9.000,199.633,2.178,173.000,3.040,14.433,1452,1971,89.91,70.83,10.56,1.8,0.9916,0.5983,22.35,0.02313,28.28,11.17,24.78,33.18,10.66,8.247,65.1,74.5,44.74,18.48,0.4571,0.8896,0.7375,0.4839,0.901
10,child3,child,-2.9851,0.000,0.000,0.000,0.000,1.000,86.833,-0.212,306.000,4.460,13.100,1334,1685,101.9,56.31,11.75,1.382,0.9739,0.616,28.25,0.02861,20.62,13.1,26.86,36.36,10.74,9.438,56.76,67.43,43.87,15.07,0.5071,0.8494,0.7276,0.547,1
10,child4,child,-44.9936,0.000,0.000,0.000,0.000,0.000,0.000,0.013,0.000,0.000,450.000,1397,1545,94.91,60,9.171,1.8,1.089,0.6575,28.56,0.02262,27.21,12.25,24.78,39.96,11.87,9.088,66.78,61.59,43.98,16.22,0.5301,0.6182,0.802,0.4581,1
10,child5,child,23.9569,7.000,0.000,7.000,0.000,7.000,177.683,2.353,138.000,3.500,14.433,1600,1493,97.66,57.04,11.41,1.736,0.949,0.6655,31.35,0.02641,23.94,15.02,28.17,38.78,11.97,8.014,77.67,88.51,44.93,18.51,0.5139,0.7364,0.8423,0.4949,1
10,child6,child,-44.9936,0.000,0.000,0.000,0.000,0.000,0.000,0.013,0.000,0.000,450.000,1409,1596,107.8,58.02,8.559,1.8,0.8953,0.5458,21.85,0.02547,23.31,10.83,29.84,30.39,10.61,9.649,70.75,64.13,55.2,15.96,0.5381,0.6133,0.7067,0.4259,0.8857
10,child7,child,-44.9936,0.000,0.000,0.000,0.000,0.000,0.000,0.013,0.000,0.000,450.000,1459,1895,86.31,53.55,9.462,1.8,1.017,0.4789,26.19,0.01964,22.3,11.63,35.28,33.51,12.66,8.33,65.24,62.76,51.64,14.72,0.4547,0.703,0.8277,0.6099,1
11,parent,parent,9.5151,2.000,0.000,2.000,0.000,3.000,229.783,2.406,121.000,1.867,14.867,1600,1493,97.66,57.04,11.41,1.736,0.949,0.6655,31.35,0.02641,23.94,15.02,28.17,38.78,11.97,8.014,77.67,88.51,44.93,18.51,0.5139,0.7364,0.8423,0.4949,1
11,child0,child,7.6004,1.000,0.000,1.000,0.000,2.000,286.200,2.481,108.000,1.373,15.467,1600,1408,78.24,59.54,10.05,1.8,0.9921,0.6498,30.92,0.02592,23.46,12.65,27.01,39.97,12.19,9.199,77.8,91.76,51.88,17.04,0.5674,0.7771,1,0.4657,1
11,child1,child,7.6004,1.000,0.000,1.000,0.000,2.000,286.200,2.481,108.000,1.373,15.467,1600,1482,79.72,47.01,13.62,1.76,0.9319,0.6852,28.44,0.02652,18.53,14.38,24.48,34.84,14.33,8.523,97.97,81.57,42.64,16.72,0.5305,0.6521,0.9341,0.5477,0.9563
11,child2,child,-2.4603,0.000,0.000,0.000,0.000,0.000,126.750,-0.253,300.000,4.673,14.017,1600,1534,77.39,55.36,11.77,1.464,0.7329,0.6246,28.32,0.03289,25.37,16.87,28.37,34.26,11.48,8.864,89.59,80.25,50.94,18.54,0.527,0.696,0.8383,0.6955,1
11,child3,child,19.2671,5.000,0.000,5.000,0.000,8.000,277.800,1.608,186.000,4.047,14.283,1292,1378,86.64,66.37,9.636,1.668,0.9888,0.735,37.99,0.02727,28.12,15.06,22.93,35.82,12.47,9.308,74.56,68.91,39.74,17.15,0.7497,0.7483,0.7978,0.4583,1
11,child4,child,-6.8031,1.000,0.000,1.000,0.000,3.000,177.383,0.519,327.000,4.653,104.750,1426,1830,125.8,57.81,10.98,1.409,0.9622,0.7682,37.82,0.03358,26.78,16.58,31.2,36.42,11.43,9.124,96.21,92.27,39.18,16.84,0.5726,0.7991,0.8571,0.5592,0.9636
11,child5,child,7.3181,2.000,0.000,2.000,0.000,4.000,134.783,1.834,142.000,2.293,14.450,1372,1397,89.84,58.21,12.98,1.64,0.9536,0.7077,35.69,0.02796,26.18,16.09,34.37,41.98,12.32,8.425,79.36,93.21,47.9,16.18,0.4987,0.8815,0.7101,0.5538,1
11,child6,child,6.9387,1.000,0.000,1.000,0.000,2.000,304.000,1.444,76.000,1.100,23.933,1319,1424,113.6,54.33,9.044,1.8,1.083,0.591,27.94,0.02378,27.59,13.96,29.99,49.5,11.63,9.188,71.87,108.1,42.88,18.39,0.5256,0.7645,0.9112,0.6502,1
11,child7,child,10.1753,3.000,0.000,3.000,0.000,3.000,133.350,2.009,142.000,2.313,14.450,1600,1503,105.5,66.42,9.908,1.8,0.9132,0.6718,32.8,0.03518,25.82,13.69,22.02,42.86,9.501,7.842,72.74,86.85,46.58,17.64,0.5363,0.6767,0.8398,0.4686,1
12,parent,parent,9.6144,2.000,0.000,2.000,0.000,4.000,267.283,1.740,166.000,2.360,15.050,1292,1378,86.64,66.37,9.636,1.668,0.9888,0.735,37.99,0.02727,28.12,15.06,22.93,35.82,12.47,9.308,74.56,68.91,39.74,17.15,0.7497,0.7483,0.7978,0.4583,1
12,child0,child,4.2061,1.000,0.000,1.000,0.000,3.000,160.083,1.376,164.000,2.000,14.433,1362,1364,81.26,64.32,10.28,1.716,0.8825,0.6907,31.08,0.02763,34.96,13.27,26.92,34.59,11.2,9.429,69.7,74.38,50.2,17.15,0.6603,0.8053,0.7,0.4397,1
12,child1,child,-1.4351,1.000,0.000,1.000,0.000,1.000,64.200,-0.374,328.000,4.407,20.117,1405,1334,86.91,61.6,9.544,1.518,0.8958,0.7156,45.87,0.02984,28.7,16.54,25.54,37.31,14.69,9.827,81.11,77.76,35.42,16.19,0.75,0.7183,0.8639,0.3095,1
12,child2,child,-6.3286,0.000,0.000,0.000,0.000,1.000,180.867,0.340,186.000,2.460,82.100,1483,1466,84.73,63.39,9.825,1.642,1.116,0.8016,35.06,0.03184,29.33,15.47,25.45,35.21,13.07,9.507,77.73,67.96,46.82,16.31,0.75,0.9,0.8587,0.4227,1
12,child3,child,13.6204,3.000,0.000,3.000,0.000,7.000,288.467,1.972,180.000,2.913,14.433,1477,1734,86.2,57.28,8.883,1.793,1.007,0.6945,39.15,0.02819,23.25,14.36,20.85,31.05,14.51,8.15,67.07,81.4,36.8,19.89,0.5844,0.7449,0.935,0.4928,1
12,child4,child,-4.0513,0.000,0.000,0.000,0.000,0.000,48.117,-0.407,345.000,4.200,9.400,1350,1469,96.31,70.32,9.921,1.591,0.9171,0.7709,40.59,0.02589,23.65,15.76,23.93,29.77,12.68,8.265,72.95,70.02,39.16,16.32,0.75,0.6424,0.8599,0.5067,1
12,child5,child,7.4749,2.000,0.000,2.000,0.000,3.000,185.133,1.186,168.000,2.560,14.850,1080,1273,103.2,86.83,10.37,1.465,1.016,0.7033,33.28,0.03209,30.23,14.96,29.24,42.9,14.49,8.133,76.54,77.35,41.1,16.69,0.5927,0.748,1,0.4716,1
12,child6,child,13.1598,3.000,0.000,3.000,0.000,5.000,292.333,1.746,179.000,3.267,14.433,1299,1493,84.67,65.18,9.536,1.643,1.146,0.643,41.65,0.03056,28.05,17.87,25.31,45.44,12.94,7.566,60.28,60,30.61,19.9,0.75,0.6322,0.7721,0.4627,0.8
12,child7,child,9.6334,2.000,0.000,2.000,0.000,4.000,265.933,1.816,167.000,2.800,14.433,1266,1306,83.34,64.62,10.66,1.8,0.8414,0.7541,37.61,0.02922,27.12,15.54,23.2,35.98,12.21,9.083,76.88,76.66,39.2,16.37,0.6595,0.7981,0.7508,0.4546,1
13,parent,parent,2.9963,1.000,0.000,1.000,0.000,2.000,154.183,0.246,197.000,3.120,13.283,1477,1734,86.2,57.28,8.883,1.793,1.007,0.6945,39.15,0.02819,23.25,14.36,20.85,31.05,14.51,8.15,67.07,81.4,36.8,19.89,0.5844,0.7449,0.935,0.4928,1
13,child0,child,5.9956,1.000,0.000,1.000,0.000,1.000,237.417,1.974,149.000,2.067,12.433,1196,1647,93.02,53.18,8.016,1.8,1.104,0.6622,36.31,0.02881,24.13,11.61,22.29,33.89,14.42,8.821,66.48,86.49,34.06,20.41,0.75,0.6002,1,0.4769,0.9529
13,child1,child,-2.2088,0.000,0.000,0.000,0.000,2.000,92.400,-0.216,273.000,3.853,12.333,1283,1817,99.68,60.29,8.842,1.587,0.9823,0.5572,43.16,0.03282,23.68,12.86,21.74,34.53,13.77,6.899,66.9,78.13,40.67,22.99,0.6384,0.8688,1,0.5619,0.941
13,child2,child,-1.8834,0.000,0.000,0.000,0.000,2.000,129.933,-0.273,302.000,4.073,13.183,1209,1496,113.4,47.44,7.1,1.471,1.007,0.6622,38.93,0.02675,26.69,14.29,21.12,32.02,13.95,8.809,58.91,95.19,35.82,20.49,0.6503,0.793,0.9334,0.4911,0.9334
13,child3,child,4.0061,1.000,0.000,1.000,0.000,1.000,224.617,1.216,253.000,2.927,14.717,1600,1532,90.15,66.29,9.855,1.66,0.9215,0.7954,39.7,0.02835,26.07,12.55,18.05,29.2,14.95,6.325,58.94,79.48,31,19.67,0.6167,0.6981,0.8156,0.4655,0.9996
13,child4,child,4.8091,1.000,0.000,1.000,0.000,1.000,228.833,0.820,186.000,2.227,12.950,1600,1717,96.49,55.94,8.782,1.8,0.8906,0.6005,39.45,0.02583,22.49,13.12,24.01,26.85,13.18,6.399,62.4,95.27,38.83,21.23,0.5752,0.9,0.8412,0.458,0.9869
13,child5,child,-2.4103,0.000,0.000,0.000,0.000,2.000,93.750,-0.327,309.000,4.200,10.117,1382,1580,77.41,49.91,7.925,1.8,1.107,0.6524,42.76,0.02854,25.39,17.15,22.36,24.2,12.81,8.127,75.43,73.92,36.44,21.55,0.6308,0.734,0.912,0.5155,0.8789
13,child6,child,11.3917,2.000,0.000,2.000,0.000,5.000,310.600,2.341,134.000,2.093,14.417,1405,2102,76.69,56.92,7.16,1.8,1.133,0.7138,37.39,0.02888,19.68,13.92,22.26,36.97,14.57,8.195,64.88,80.45,38.02,17.75,0.5387,0.7408,0.8236,0.4871,0.8951
13,child7,child,11.9137,3.000,0.000,3.000,0.000,4.000,236.650,1.359,164.000,2.687,13.900,1561,1686,104.4,61.89,10.32,1.8,0.7846,0.7041,36.31,0.02406,24.61,17.32,24.52,29.1,13.72,9.264,64.83,78.64,36.04,23.21,0.5714,0.8226,1,0.5042,0.8329
14,parent,parent,1.3180,1.000,0.000,1.000,0.000,-2.000,85.833,1.028,194.000,2.460,13.267,1561,1686,104.4,61.89,10.32,1.8,0.7846,0.7041,36.31,0.02406,24.61,17.32,24.52,29.1,13.72,9.264,64.83,78.64,36.04,23.21,0.5714,0.8226,1,0.5042,0.8329
14,child0,child,0.8361,0.000,0.000,0.000,0.000,1.000,202.883,0.540,139.000,1.733,21.283,1481,1835,128.7,66.45,9.841,1.8,0.6587,0.6621,41.24,0.02252,24.99,15.85,22.88,30.58,11.45,9.379,66.86,67.49,44.71,28.61,0.5139,0.8603,0.8783,0.5201,0.8
14,child1,child,1.5979,0.000,0.000,0.000,0.000,0.000,198.767,1.633,172.000,2.240,12.500,1600,1626,128.1,67.09,10.01,1.8,0.8423,0.7948,38,0.02432,20.92,21.14,21.47,30.7,13.54,9.552,66.64,78.6,31.72,23.76,0.5807,0.9,0.8642,0.4538,0.8
14,child2,child,-44.9919,0.000,0.000,0.000,0.000,0.000,0.000,0.016,0.000,0.000,450.000,1459,1505,105.3,61.86,10.89,1.603,0.828,0.7714,36.43,0.02062,26.76,18.3,25.09,26.74,12.61,9.578,63.92,62.64,43.55,23.11,0.5406,0.9,0.9683,0.491,0.8
14,child3,child,5.4736,1.000,0.000,1.000,0.000,1.000,186.167,2.413,101.000,1.413,15.050,1600,1566,110.8,51.07,11.3,1.8,0.6516,0.8573,31.48,0.02139,20.96,16.18,21.52,29.68,12.65,12.6,81.84,71.04,42.24,28.57,0.5402,0.9,1,0.457,0.8394
14,child4,child,6.0107,1.000,0.000,1.000,0.000,2.000,210.433,1.582,78.000,1.040,15.050,1555,1379,94.45,57.09,10.54,1.8,0.7895,0.7313,32.38,0.02036,23.11,15.55,21.32,35.83,13.48,9.456,61.32,90.38,31.56,28.53,0.7146,0.7321,0.9238,0.4514,0.8122
14,child5,child,-1.1127,0.000,0.000,0.000,0.000,0.000,98.450,0.615,185.000,2.127,13.267,1600,1362,91.06,38.48,9.569,1.8,1.049,0.7554,37.6,0.02227,25.94,19.13,24.51,33.72,12.45,7.559,60.23,86.59,31.98,25.77,0.5543,0.5559,0.9884,0.5773,0.8
14,child6,child,9.7957,2.000,0.000,2.000,0.000,4.000,249.583,2.377,148.000,1.993,15.050,1476,1653,104.6,60.5,9.465,1.8,0.6811,0.7504,35.63,0.02387,27.74,14.36,25.49,27.44,15.14,9.838,73.28,82.86,33.33,22.99,0.4861,0.8205,1,0.5188,1
14,child7,child,-2.6658,0.000,0.000,0.000,0.000,1.000,84.217,-0.325,302.000,3.760,9.917,1408,1765,111.9,70.74,8.772,1.576,0.9324,0.6985,36.64,0.02794,26.14,16.3,22.86,28.97,14.75,7.324,59.6,67.74,33.47,23.28,0.575,0.9,1,0.3819,0.8
15,parent,parent,9.7191,3.000,0.000,3.000,0.000,4.000,133.533,1.260,180.000,3.047,12.767,1476,1653,104.6,60.5,9.465,1.8,0.6811,0.7504,35.63,0.02387,27.74,14.36,25.49,27.44,15.14,9.838,73.28,82.86,33.33,22.99,0.4861,0.8205,1,0.5188,1
15,child0,child,4.1151,1.000,0.000,1.000,0.000,2.000,175.717,1.476,202.000,2.520,12.650,1424,2024,88.21,55.44,8.384,1.764,0.7373,0.7447,34.22,0.02624,28.88,15.84,21.47,33.12,15.44,10.37,61.39,78.47,30.43,18.3,0.5126,0.73,0.7787,0.5248,1
15,child1,child,-1.1360,0.000,0.000,0.000,0.000,2.000,115.100,0.806,283.000,3.060,11.050,1147,1623,101.8,54.83,9.443,1.733,0.7444,0.8505,33.89,0.02675,24.93,13.87,20.1,23.44,14.35,7.595,66.79,84.89,35.93,22.29,0.4662,0.7634,1,0.5535,1
15,child2,child,10.1244,2.000,0.000,2.000,0.000,5.000,258.633,2.051,134.000,2.287,15.050,1179,1622,97.71,56.23,9.568,1.792,0.7949,0.7617,39.54,0.02232,35.01,11.78,31.49,25.09,16.69,11.28,72.16,72.72,37.71,21.48,0.4714,0.7702,0.8845,0.601,0.8003
15,child3,child,10.8209,3.000,0.000,3.000,0.000,6.000,192.417,1.762,230.000,3.167,14.917,1600,2158,81.66,46.06,7.977,1.757,0.6274,0.6229,30.15,0.02178,30.99,12.91,27.1,30.21,15,11.21,81.92,81.74,30.55,22.52,0.5151,0.664,1,0.5634,1
15,child4,child,15.6428,4.000,0.000,4.000,0.000,7.000,247.617,2.180,200.000,2.947,15.050,1453,2002,92.3,60.17,9.565,1.8,0.6,0.8273,33.75,0.02366,28.24,11.3,24.49,33.16,14.04,11.26,71.49,78.54,36.6,22.77,0.4618,0.9,0.8545,0.523,1
15,child5,child,9.7300,3.000,0.000,3.000,0.000,6.000,146.767,1.087,223.000,3.373,13.817,1600,1536,110.2,60.61,10.46,1.728,0.6716,0.7423,37.94,0.02173,23.75,13.25,27.65,21.81,15.97,11.58,76.76,100.2,37.69,20.75,0.5498,0.7897,1,0.4492,1
15,child6,child,-1.3948,0.000,0.000,0.000,0.000,0.000,119.417,0.498,273.000,3.287,9.733,1422,1649,104.3,58.89,10.72,1.299,0.7492,0.7167,35.45,0.0196,26.04,15.99,27.25,30.41,14.1,10.78,79.2,82.05,30,17.9,0.4749,0.6645,1,0.5577,0.9534
15,child7,child,3.4589,1.000,0.000,1.000,0.000,2.000,102.767,1.998,136.000,1.920,14.433,1547,1737,100.4,66.19,7.821,1.8,0.6953,0.6329,32.83,0.02524,23.73,13.85,24.96,25.11,16.44,10.47,86.45,92.39,34.45,24.37,0.4871,0.8705,0.9412,0.5165,0.927
16,parent,parent,20.8607,5.000,0.000,5.000,0.000,7.000,319.750,2.219,124.000,2.987,15.050,1453,2002,92.3,60.17,9.565,1.8,0.6,0.8273,33.75,0.02366,28.24,11.3,24.49,33.16,14.04,11.26,71.49,78.54,36.6,22.77,0.4618,0.9,0.8545,0.523,1
16,child0,child,11.0536,2.000,0.000,2.000,0.000,4.000,302.250,2.358,122.000,1.920,15.583,1586,2098,91.87,60.1,7.865,1.8,0.6,0.8803,35.91,0.02796,23.01,12.85,25.29,30.32,14.77,9.233,67.92,102.6,34.06,22.52,0.4317,0.8195,0.8489,0.557,0.8
16,child1,child,22.6614,6.000,0.000,6.000,0.000,5.000,292.767,2.137,142.000,3.373,15.050,1600,1627,88.61,58.1,9.476,1.8,0.6437,0.9724,33.58,0.02275,30.34,10.4,28.31,28.56,17.06,10.96,73.36,75.02,39.69,18.79,0.4112,0.8879,0.7752,0.5377,0.9148
16,child2,child,13.6194,3.000,0.000,3.000,0.000,4.000,279.450,2.297,124.000,2.347,14.433,1363,1538,94.23,80.89,9.667,1.8,0.8064,0.8785,36.19,0.02087,29.95,11.44,27.18,29.96,13.55,10.01,71.1,72.2,34.02,18.4,0.4309,0.8678,1,0.4806,0.8329
16,child3,child,19.9556,5.000,0.000,5.000,0.000,5.000,304.517,2.274,146.000,3.067,15.050,1533,1867,77.13,59.22,10.57,1.8,0.6763,0.8927,36.51,0.02467,31.49,8.811,26.67,36.56,14.48,13.1,84.92,76.99,37.27,23.13,0.5096,0.9,0.7771,0.5598,0.9014
16,child4,child,3.5582,1.000,0.000,1.000,0.000,1.000,168.000,-0.180,135.000,2.187,13.433,1600,2123,130.8,61.93,9.059,1.351,0.6095,0.883,32,0.02567,29.16,12.02,23.87,35.03,13.38,11.09,64.6,72.95,40.49,18.43,0.4883,0.9,0.856,0.6113,0.8
16,child5,child,27.3069,7.000,0.000,7.000,0.000,7.000,334.617,2.554,122.000,3.373,15.050,1397,1643,91.07,58.61,9.358,1.8,0.635,1.012,39.17,0.02248,24.86,12.47,26.05,31.08,17.26,11.75,72.53,79.77,47.38,21.83,0.4528,0.9,0.7773,0.5224,0.9583
16,child6,child,21.0230,5.000,0.000,5.000,0.000,6.000,324.067,2.499,114.000,2.627,15.050,1433,2002,95.19,65.95,9.82,1.79,0.6373,0.7994,36.05,0.02329,28.48,10.31,24.59,33.48,12.1,8.251,76.46,72.16,45.77,20.51,0.5581,0.8373,0.8593,0.4545,1
16,child7,child,10.5094,2.000,0.000,2.000,0.000,3.000,254.200,2.509,77.000,1.540,15.050,1530,2440,97.12,59.57,10.11,1.756,0.6,0.7833,26.6,0.02415,26.96,11.23,20.44,34.9,16.38,9.99,83.67,74.87,30.19,27.61,0.4823,0.7897,0.7568,0.5911,0.9401
17,parent,parent,14.6996,3.000,0.000,3.000,0.000,6.000,308.150,2.392,114.000,2.013,15.183,1397,1643,91.07,58.61,9.358,1.8,0.635,1.012,39.17,0.02248,24.86,12.47,26.05,31.08,17.26,11.75,72.53,79.77,47.38,21.83,0.4528,0.9,0.7773,0.5224,0.9583
17,child0,child,9.6029,1.000,0.000,1.000,0.000,4.000,348.383,2.684,91.000,0.920,15.050,1399,1238,86.72,48,12.24,1.8,0.7906,0.9408,46.87,0.02141,26.27,15.09,21.08,51.61,17.11,11.58,68.02,88.31,49.48,19.52,0.3834,0.8743,0.985,0.4548,0.9265
17,child1,child,-44.9927,0.000,0.000,0.000,0.000,0.000,0.000,0.015,0.000,0.000,450.000,1448,2106,96.59,49.08,8.113,1.587,0.6,1.013,38.79,0.02164,25.53,16.49,27.68,26.73,18.52,13.36,63.58,66.52,50.12,20.63,0.4552,0.9,0.7,0.5656,1
17,child2,child,9.6401,2.000,0.000,2.000,0.000,3.000,239.567,2.161,92.000,1.600,17.517,1218,1465,81.01,54.48,9.405,1.8,0.6,1.3,43.54,0.02271,26.06,13.11,24.91,38.02,16.47,11.79,61.46,68.66,46.64,20.35,0.4042,0.9,0.7,0.4211,1
17,child3,child,11.0676,4.000,0.000,4.000,0.000,4.000,79.533,2.008,161.000,2.753,24.417,1600,1472,118.5,53.09,10.6,1.8,0.6427,1.056,38.75,0.02318,23.13,10.35,26.29,28.61,16.34,11.39,82.82,74.11,52.82,20.91,0.4417,0.9,0.7,0.4702,1
17,child4,child,22.1147,5.000,0.000,5.000,0.000,7.000,357.867,2.695,106.000,2.253,15.050,1539,1497,89.62,58.02,10.5,1.8,0.6,1.178,43.24,0.02758,22.59,12.18,25.41,30.56,22.6,11.85,80.65,88.7,48.2,23.47,0.4382,0.9,0.7417,0.4909,0.8962
17,child5,child,12.0690,2.000,0.000,2.000,0.000,4.000,348.067,2.525,124.000,1.713,15.433,1568,1727,104.6,56.1,11.92,1.657,0.6,1.102,46.32,0.02457,23.06,12.67,30.53,33.91,15.41,10.91,70.49,96.12,35.14,19.43,0.4344,0.8666,0.8584,0.4708,1
17,child6,child,8.9391,1.000,0.000,1.000,0.000,4.000,311.533,2.688,83.000,1.007,15.050,1318,1821,87,55.82,9.214,1.556,0.6093,0.9131,36.31,0.02101,26.1,9.804,28.22,33.82,19.01,12.83,73.69,86.46,61.12,21.63,0.368,0.815,0.7,0.4531,0.8857
17,child7,child,22.3893,5.000,0.000,5.000,0.000,8.000,361.100,2.737,108.000,2.160,15.050,1452,1301,86.18,60.94,8.531,1.8,0.6,0.8485,30.05,0.01976,21.79,12.84,24.2,31.31,20.02,12.79,71.96,83.22,45.36,20.59,0.4993,0.8846,0.7237,0.5342,1
18,parent,parent,17.7934,4.000,0.000,4.000,0.000,6.000,313.683,1.959,100.000,2.047,14.550,1452,1301,86.18,60.94,8.531,1.8,0.6,0.8485,30.05,0.01976,21.79,12.84,24.2,31.31,20.02,12.79,71.96,83.22,45.36,20.59,0.4993,0.8846,0.7237,0.5342,1
18,child0,child,-44.9933,0.000,0.000,0.000,0.000,0.000,0.000,0.013,0.000,0.000,450.000,1413,1352,92.73,78.19,11.07,1.8,0.6245,0.7474,27.49,0.01783,19.83,12.71,27.8,32.52,19.68,14.22,76.8,73.37,57.81,18.13,0.5298,0.8098,0.7,0.5136,0.8408
18,child1,child,9.8772,1.000,0.000,1.000,0.000,5.000,347.400,2.574,74.000,1.127,15.050,1600,1129,100.3,67.81,8.354,1.8,0.6,0.7921,31.61,0.01705,18.52,14.3,24.64,27.99,20.95,12.68,81.1,63.44,40.88,19.45,0.6441,0.9,0.7518,0.5521,0.8571
18,child2,child,19.5640,4.000,0.000,4.000,0.000,8.000,373.950,1.959,85.000,1.893,14.550,1389,1297,81.26,65.99,10.36,1.717,0.6,0.8421,31.24,0.02074,19.23,15.34,20.57,29.62,16.98,11.38,65.71,87.84,47.84,23.66,0.46,0.9,0.7927,0.6582,1
18,child3,child,20.1047,5.000,0.000,5.000,0.000,6.000,292.967,1.953,120.000,2.880,14.433,1469,1463,92.2,73,7.238,1.721,0.6433,0.8558,31.3,0.0189,22.36,14.28,22.71,28.38,18.17,11.68,79.25,76.21,44.75,26.92,0.4369,0.9,0.8677,0.4757,1
18,child4,child,15.5426,3.000,0.000,3.000,0.000,6.000,340.583,2.542,111.000,1.753,14.550,1281,1249,97.63,64.15,8.332,1.543,0.6,0.8905,29.73,0.01488,17.03,11.72,23.87,36.72,20.88,15.77,67.32,87.13,40.74,18.12,0.5229,0.9,0.7573,0.5805,1
18,child5,child,15.9776,3.000,0.000,3.000,0.000,6.000,343.767,2.666,81.000,1.660,14.550,1238,1258,86.62,74.43,7.531,1.8,0.6,0.7482,28.52,0.01953,22.27,14.93,20.14,31.06,16.74,15.76,71.33,104.5,49.3,19.87,0.5499,0.9,0.7,0.5154,1
18,child6,child,23.5812,6.000,0.000,6.000,0.000,8.000,319.817,2.146,169.000,3.500,14.483,1600,1129,70.66,71.32,8.253,1.8,0.6,0.7012,35.94,0.02277,20.45,12.51,24.97,31.01,16.58,13.21,74.96,78.04,39.94,20.7,0.5589,0.8251,0.8056,0.4806,0.961
18,child7,child,19.5147,4.000,0.000,4.000,0.000,7.000,366.817,2.682,91.000,2.093,14.433,1600,1244,81.17,49.07,8.076,1.8,0.6,0.7153,32.6,0.02282,24.76,10.83,22.81,29.9,20.08,11.61,82.83,78.1,43.8,20.25,0.4786,0.9,0.7,0.5097,1
19,parent,parent,11.9471,3.000,0.000,3.000,0.000,5.000,189.667,1.784,107.000,1.633,15.050,1600,1129,70.66,71.32,8.253,1.8,0.6,0.7012,35.94,0.02277,20.45,12.51,24.97,31.01,16.58,13.21,74.96,78.04,39.94,20.7,0.5589,0.8251,0.8056,0.4806,0.961
19,child0,child,15.4057,4.000,0.000,4.000,0.000,7.000,266.450,2.297,154.000,2.787,26.533,1568,1347,60,71.56,8.798,1.8,0.6,0.6943,34.18,0.02287,24.4,12.24,20.91,32.21,13.62,13.37,55.9,75.83,40.87,24.85,0.5353,0.799,1,0.4384,0.8987
19,child1,child,11.8153,3.000,0.000,3.000,0.000,5.000,189.983,1.773,120.000,1.660,15.050,1600,900,77.26,68.91,7.737,1.8,0.6,0.8373,35.19,0.02357,20.05,9.595,20.95,32.71,14.6,14.29,64.79,85.65,46.85,25.25,0.5308,0.8602,0.8021,0.5687,0.8036
19,child2,child,2.4262,0.000,0.000,0.000,0.000,2.000,162.517,1.876,61.000,0.473,15.050,1133,1174,79.68,84.25,8.387,1.8,0.6,0.6247,33.35,0.02224,24.13,13.98,26.75,30.76,18.34,13.83,63.8,67.38,39.21,20.36,0.6093,0.7834,0.9057,0.4727,0.9038
19,child3,child,2.1728,0.000,0.000,0.000,0.000,2.000,167.183,1.611,79.000,0.813,15.050,1600,1206,65.74,85.8,7.012,1.748,0.671,0.7087,36.54,0.02519,23.64,10.93,26.06,33.35,17.38,15.67,73.72,94.44,45.13,23.07,0.469,0.7694,0.7335,0.3982,0.9969
19,child4,child,10.3377,3.000,0.000,3.000,0.000,3.000,136.267,1.672,113.000,1.887,15.050,1434,1223,71.85,76.5,7.533,1.8,0.6,0.9173,37.48,0.02288,23.03,13.46,28.73,28.44,17.85,11.98,82.73,67.48,37.75,22.92,0.6209,0.8975,0.7156,0.4519,1
19,child5,child,5.6451,0.000,0.000,0.000,0.000,5.000,342.283,0.519,67.000,0.700,17.200,1600,1080,60,81.54,7.875,1.8,0.756,0.7097,27.21,0.01752,16.1,12.22,21.85,30.51,17.11,12.86,78.4,60.87,39.9,19.6,0.4733,0.6683,0.7912,0.4397,0.9935
19,child6,child,2.7569,0.000,0.000,0.000,0.000,2.000,176.550,1.884,57.000,0.413,15.050,1600,1083,60,70.6,7.603,1.701,0.6,0.674,34.02,0.02128,23.77,11.48,24.75,33.56,20.12,13.25,76.51,81.04,45.01,22.53,0.4629,0.7973,0.8108,0.5909,0.8814
19,child7,child,5.0316,0.000,0.000,0.000,0.000,3.000,281.450,2.518,86.000,0.913,15.050,1600,905.2,60,78.2,10.4,1.725,0.6083,0.6529,34.81,0.0224,22.48,11.19,22.8,33.11,14.11,13.34,58.59,77.19,38.98,20.64,0.7381,0.7301,0.8009,0.4486,1
20,parent,parent,13.3449,3.000,0.000,3.000,0.000,5.000,307.050,1.817,194.000,3.213,14.433,1568,1347,60,71.56,8.798,1.8,0.6,0.6943,34.18,0.02287,24.4,12.24,20.91,32.21,13.62,13.37,55.9,75.83,40.87,24.85,0.5353,0.799,1,0.4384,0.8987
20,child0,child,13.7811,4.000,0.000,4.000,0.000,4.000,173.817,1.458,146.000,2.593,15.050,1600,1604,64.99,60.46,8.48,1.8,0.6,0.6052,25.98,0.02835,22.07,13.09,20.81,30.2,12.99,13.57,53.48,76.12,46.7,23.24,0.5134,0.8198,0.8804,0.4062,0.826
20,child1,child,2.8758,0.000,0.000,0.000,0.000,3.000,236.117,1.555,190.000,1.840,11.400,1600,1156,60,64.16,9.759,1.469,0.6,0.7273,33.03,0.02116,27.54,13.95,18.44,30.95,16.12,15.63,59.69,73.57,39.33,23.68,0.6167,0.8744,0.9253,0.4801,0.9133
20,child2,child,3.4311,0.000,0.000,0.000,0.000,2.000,283.767,1.436,167.000,1.873,15.050,1581,1172,60.8,77.53,7.739,1.457,0.6,0.5649,33.39,0.02507,20.58,11.63,18.82,31.11,13.36,12.6,62.02,81.48,42.21,26.78,0.4937,0.6732,1,0.443,1
20,child3,child,11.9379,2.000,0.000,2.000,0.000,10.000,332.883,1.817,182.000,2.700,15.383,1600,1652,60,76.65,11.86,1.8,0.6746,0.7037,25.92,0.02867,28.07,11.07,22.21,27.26,14.56,14.64,51.9,76.05,46.99,20.64,0.531,0.7385,0.9507,0.5037,0.9607
20,child4,child,20.3477,5.000,0.000,5.000,0.000,7.000,319.433,2.202,176.000,3.387,14.433,1600,1313,60,73.85,8.977,1.727,0.6,0.782,31.62,0.02341,27.19,10.64,20.74,25.72,15.36,14.44,58.88,70.12,39.03,28.68,0.4777,0.8678,1,0.4028,0.8
20,child5,child,3.8564,0.000,0.000,0.000,0.000,4.000,295.533,1.562,196.000,2.200,14.550,1600,1450,60,69.81,7.378,1.8,0.6814,0.694,44.03,0.02343,26.31,11.17,19.66,33.84,13.5,13.88,61.76,102.5,35.25,26.64,0.5579,0.7638,1,0.4616,0.8675
20,child6,child,6.8640,0.000,0.000,0.000,0.000,4.000,384.117,1.916,103.000,0.913,14.550,1567,1217,60,68.12,7.457,1.643,0.6533,0.5129,34.56,0.02056,26.76,12.24,22.79,33.58,15.75,15.31,57.51,93.75,36.76,21.05,0.6862,0.7659,0.9594,0.4076,0.8
20,child7,child,0.3090,0.000,0.000,0.000,0.000,0.000,192.417,0.949,234.000,2.553,14.183,1216,1382,65.11,75.49,7.796,1.645,0.6994,0.6414,30.79,0.02168,23.49,14.5,20.44,31.09,12.34,13.48,57.09,91.9,50.82,21.41,0.4794,0.7396,1,0.4269,1
21,parent,parent,-2.0087,0.000,0.000,0.000,0.000,0.000,92.317,-0.193,216.000,2.367,13.617,1600,1313,60,73.85,8.977,1.727,0.6,0.782,31.62,0.02341,27.19,10.64,20.74,25.72,15.36,14.44,58.88,70.12,39.03,28.68,0.4777,0.8678,1,0.4028,0.8
21,child0,child,-2.5533,0.000,0.000,0.000,0.000,0.000,26.100,0.128,166.000,1.660,13.133,1522,1360,62.07,59.91,10.6,1.768,0.6012,0.959,32.06,0.02177,33.93,8.623,26.35,24.06,15.27,16.88,54.61,64.56,40.27,30,0.4579,0.9,1,0.4002,0.8119
21,child1,child,-4.4510,0.000,0.000,0.000,0.000,0.000,-33.283,-0.293,229.000,2.640,10.850,1600,1459,62.13,69.26,8.106,1.516,0.6439,0.7701,32.63,0.0233,31.82,11.19,20.64,24.62,14.41,14.69,71.64,87.4,35.85,30,0.4511,0.7691,1,0.3875,0.8
21,child2,child,-7.4934,0.000,0.000,0.000,0.000,0.000,6.883,-0.648,267.000,3.153,43.217,1600,1560,73.33,73.64,8.658,1.496,0.6,0.8866,30.35,0.01975,25.56,10.7,20.89,27.25,13.52,16.71,57.25,72.36,45.09,30,0.4557,0.8413,1,0.409,0.8
21,child3,child,-2.3664,0.000,0.000,0.000,0.000,1.000,56.483,-0.123,229.000,2.580,10.867,1579,1306,66.47,60.33,9.932,1.78,0.6,0.8625,31.67,0.01976,23.85,10.81,20.97,23.46,13.77,15.36,76.86,77.14,36.9,28.54,0.5207,0.7985,0.9436,0.4565,0.8
21,child4,child,0.8144,0.000,0.000,0.000,0.000,4.000,199.883,0.801,285.000,3.287,12.050,1280,1334,69.16,70.22,8.972,1.492,0.6,0.7655,32.55,0.02628,27.71,10.44,19.85,21.97,17.89,11.58,53.16,79.47,41.46,29,0.4722,0.8451,1,0.311,0.8
21,child5,child,-2.2281,0.000,1.000,-1.000,0.000,2.000,184.033,0.915,172.000,2.347,18.117,1169,1285,60,90.23,8.997,1.643,0.6,0.6823,29.12,0.02627,22.29,9.916,19.11,21.49,17.28,14.73,49.24,60.37,38.07,28.61,0.5009,0.9,1,0.36,0.9197
21,child6,child,-0.7216,0.000,0.000,0.000,0.000,1.000,144.000,0.122,228.000,2.460,13.367,1368,1324,72.72,81.14,8.097,1.643,0.6603,0.596,28.38,0.0212,26.75,11.74,18.02,27.69,13.56,14.49,57.63,64.03,40.6,26.58,0.5887,0.9,0.9829,0.3939,0.8
21,child7,child,-12.5326,0.000,0.000,0.000,0.000,0.000,90.450,-0.016,126.000,1.733,129.000,1350,1361,60,64.51,8.835,1.396,0.6,0.819,39.67,0.02087,31.16,11.43,16.39,24.87,16.94,14.44,69.94,68.64,47.88,27.9,0.3872,0.9,1,0.4168,0.9788
22,parent,parent,-1.5712,0.000,0.000,0.000,0.000,2.000,81.467,-0.627,161.000,1.720,15.050,1280,1334,69.16,70.22,8.972,1.492,0.6,0.7655,32.55,0.02628,27.71,10.44,19.85,21.97,17.89,11.58,53.16,79.47,41.46,29,0.4722,0.8451,1,0.311,0.8
22,child0,child,3.7890,1.000,0.000,1.000,0.000,0.000,131.917,1.742,124.000,1.620,13.183,1376,1246,85.28,61.61,8.957,1.8,0.6,0.8148,34.63,0.02712,28.04,9.035,16.53,23.07,20.18,9.037,42.04,70.2,38.37,30,0.6251,0.8807,0.7791,0.3287,0.8341
22,child1,child,-2.1889,0.000,0.000,0.000,0.000,2.000,112.283,-0.422,301.000,4.620,11.517,1600,1557,79.09,63.52,9.224,1.361,0.6,0.8561,40.33,0.02704,28.4,10.13,20.61,21.34,15.1,13.69,63.76,70.88,37.87,26.13,0.3772,0.7581,1,0.2204,0.8639
22,child2,child,2.7801,1.000,0.000,1.000,0.000,2.000,65.267,1.142,107.000,1.293,12.967,1283,1383,69.49,65.63,7.953,1.8,0.633,0.7682,35.01,0.0262,26.49,10.53,21.95,22.49,17.53,11.52,53.99,91.92,44.21,30,0.484,0.8419,1,0.3205,1
22,child3,child,3.6564,1.000,0.000,1.000,0.000,1.000,145.217,1.457,162.000,2.213,13.350,1068,1471,60,80.79,9.698,1.356,0.6,0.8321,29.64,0.01723,23.86,10.33,18.66,22.64,18.02,13.08,53.46,80.49,49.35,28.68,0.4915,0.8809,1,0.3101,0.8
22,child4,child,-0.7888,0.000,0.000,0.000,0.000,2.000,92.083,0.455,177.000,2.347,12.533,1254,1357,62.84,68.98,9.725,1.385,0.6,0.837,30.29,0.02178,34.23,8.838,25.77,20.85,19.57,12.02,48.35,81.38,44.11,28.1,0.4172,0.9,0.9016,0.3246,0.8845
22,child5,child,-1.9213,0.000,0.000,0.000,0.000,1.000,57.900,-0.562,134.000,1.533,15.050,952.9,1527,60,64.02,12.11,1.594,0.7517,0.7539,36.64,0.02702,27.93,10.28,18.54,21.01,17.05,12.31,46.48,78.95,35.62,26.53,0.4181,0.6668,1,0.2487,0.8784
22,child6,child,-4.7913,0.000,0.000,0.000,0.000,0.000,26.600,-0.361,334.000,3.760,14.267,1049,1377,70.87,68.66,9.196,1.334,0.6882,0.8374,40.67,0.02718,30.4,9.93,18.02,27.52,17.97,13.37,45.7,80.32,35.03,30,0.4955,0.9,1,0.3362,0.8
22,child7,child,0.9568,0.000,0.000,0.000,0.000,0.000,205.983,1.086,172.000,2.340,17.517,1303,1190,73.75,75.03,9.077,1.593,0.6,0.7483,38.91,0.02695,26.3,10.37,23.07,25.52,16.32,10.97,49.83,69.75,48.54,23.74,0.5275,0.6112,1,0.4034,0.8679
23,parent,parent,14.5032,3.000,0.000,3.000,0.000,5.000,328.017,2.236,144.000,2.300,15.050,1376,1246,85.28,61.61,8.957,1.8,0.6,0.8148,34.63,0.02712,28.04,9.035,16.53,23.07,20.18,9.037,42.04,70.2,38.37,30,0.6251,0.8807,0.7791,0.3287,0.8341
23,child0,child,20.0230,5.000,0.000,5.000,0.000,5.000,269.667,2.617,93.000,2.440,15.050,1478,1070,97.63,64.57,8.612,1.8,0.6,0.897,38.22,0.0252,32.48,9.819,14.11,28.44,21.22,8.608,41.72,67.5,42.34,30,0.537,0.8394,0.7635,0.3163,1
23,child1,child,4.2931,0.000,0.000,0.000,0.000,2.000,289.067,2.203,136.000,1.247,15.050,1329,1362,82.16,70.2,9.139,1.526,0.6074,0.8209,37.25,0.0235,24.13,8.116,14.49,24.09,20.56,11.33,45.06,61.66,35.92,28.79,0.6088,0.8761,0.7,0.3874,0.8172
23,child2,child,12.6789,2.000,0.000,2.000,0.000,3.000,363.250,2.602,84.000,1.420,15.050,1220,1343,71.87,66.63,6.777,1.8,0.6351,0.9082,34.41,0.02936,22.92,7.909,16.01,26.12,18.86,7.954,43.14,62.8,36.62,29.57,0.5892,0.9,0.8195,0.3674,0.8
23,child3,child,3.2822,0.000,0.000,0.000,0.000,2.000,276.100,1.408,164.000,1.987,15.050,1290,1270,83.82,50.16,8.297,1.72,0.62,0.8302,35.14,0.02999,28.35,10.04,18.52,20.11,15.96,9.209,40.2,75.24,40.39,29.55,0.6237,0.865,0.7295,0.3657,0.9358
23,child4,child,15.0170,3.000,0.000,3.000,0.000,5.000,337.083,2.533,128.000,2.060,15.050,1434,1382,90.53,56,10.66,1.748,0.6405,0.7753,35.04,0.02473,27.54,8.821,16,24.03,19.52,8.165,38.11,73.46,42.72,23.83,0.5487,0.9,0.8188,0.3503,0.8651
23,child5,child,16.4181,3.000,0.000,3.000,0.000,6.000,375.433,2.768,100.000,1.693,15.050,1115,1348,102.1,49.73,9.342,1.723,0.6,0.8537,34.33,0.02303,25.05,9.746,14.24,24.86,22.09,10.37,44.91,89.97,46.13,30,0.694,0.9,0.7526,0.3806,0.8
23,child6,child,10.7953,2.000,0.000,2.000,0.000,4.000,302.433,2.199,144.000,2.080,15.050,1442,1374,83.57,63.55,9.093,1.6,0.6473,0.7312,36.82,0.02611,26.03,8.418,13.36,20,24.26,7.319,45.66,60,34.3,30,0.6451,0.9,0.8684,0.2706,0.914
23,child7,child,7.1856,1.000,0.000,1.000,0.000,3.000,288.600,2.016,150.000,1.893,15.050,1438,1290,118.5,62.63,9.565,1.729,0.616,0.7313,30.03,0.03294,28.1,8.756,16.28,20.87,22.06,7.561,38.99,71.65,40.02,30,0.5662,0.9,0.8471,0.3907,0.9375
24,parent,parent,12.0144,2.000,0.000,2.000,0.000,4.000,382.033,2.612,70.000,1.273,29.050,1478,1070,97.63,64.57,8.612,1.8,0.6,0.897,38.22,0.0252,32.48,9.819,14.11,28.44,21.22,8.608,41.72,67.5,42.34,30,0.537,0.8394,0.7635,0.3163,1
24,child0,child,13.0018,2.000,0.000,2.000,0.000,3.000,382.817,2.636,76.000,1.293,16.833,1319,1344,85.23,49.72,7.196,1.8,0.7539,0.897,32.94,0.03164,35.04,10.77,13.79,28.4,23.64,8.494,44.99,65.7,40.26,30,0.6615,0.9,0.8335,0.2973,0.8854
24,child1,child,-44.9929,0.000,0.000,0.000,0.000,0.000,0.000,0.014,0.000,0.000,450.000,1600,958.3,95.52,50.82,8.125,1.59,0.6331,0.908,37.22,0.02207,30.28,8.688,13.79,24.72,20.7,10.19,41.03,60,40.33,30,0.4931,0.7452,0.8231,0.3103,1
24,child2,child,-44.9929,0.000,0.000,0.000,0.000,0.000,0.000,0.014,0.000,0.000,450.000,1583,1163,92.36,64.98,9.59,1.751,0.6,1.107,43.3,0.02186,30.46,12.77,12.56,22.87,20.22,8.126,44.27,64.19,46.37,30,0.5191,0.8517,0.7,0.2972,0.8488
24,child3,child,18.1251,4.000,0.000,4.000,0.000,6.000,331.200,2.361,119.000,2.460,14.433,1600,1250,103.5,58.84,9.737,1.762,0.642,0.8223,34.93,0.02077,33.15,9.064,17.42,26.92,18.92,10.23,41.46,72.79,34.2,24.63,0.4557,0.9,0.7897,0.3083,1
24,child4,child,13.0479,2.000,0.000,2.000,0.000,3.000,378.283,2.541,74.000,1.300,15.183,1396,1242,116.8,61.48,8.032,1.8,0.6,0.9581,33.01,0.02486,31.48,8.781,12.07,26.64,18.98,7.713,36.31,81.98,48.2,30,0.4353,0.8246,0.7415,0.2684,0.833
24,child5,child,11.8982,2.000,0.000,2.000,0.000,3.000,328.233,2.540,92.000,1.733,14.433,1578,1013,97.27,65.53,7.514,1.792,0.6,0.891,39.76,0.0223,35.33,8.767,15.16,27.5,21.04,9.097,45.89,74.28,49.17,28.16,0.475,0.9,0.9585,0.2882,0.9385
24,child6,child,-44.9929,0.000,0.000,0.000,0.000,0.000,0.000,0.014,0.000,0.000,450.000,1300,1282,113.4,66.48,8.368,1.496,0.7632,0.9137,33.94,0.02415,29.49,9.717,14.57,32.18,22.25,8.736,42.87,60,46.83,26.34,0.4794,0.7207,0.7767,0.324,0.9283
24,child7,child,-44.9929,0.000,0.000,0.000,0.000,0.000,0.000,0.014,0.000,0.000,450.000,1284,900,86,61.11,9.656,1.746,0.6558,0.86,41.43,0.02449,35.18,9.87,12.87,25.81,23.23,8.79,46.27,61.04,41.97,30,0.5354,0.7314,0.745,0.2848,0.8566
25,parent,parent,12.2529,3.000,0.000,3.000,0.000,3.000,242.833,1.796,136.000,2.367,15.050,1600,1250,103.5,58.84,9.737,1.762,0.642,0.8223,34.93,0.02077,33.15,9.064,17.42,26.92,18.92,10.23,41.46,72.79,34.2,24.63,0.4557,0.9,0.7897,0.3083,1
25,child0,child,10.3571,2.000,0.000,2.000,0.000,3.000,258.483,2.136,85.000,1.253,15.050,1311,1470,110.6,58.3,7.933,1.8,0.6108,0.7388,35.1,0.02473,34.53,8.159,17.37,26.52,21.62,9.387,31.13,77.65,36.65,23.73,0.3781,0.9,0.8706,0.3175,0.8
25,child1,child,15.3566,4.000,0.000,4.000,0.000,5.000,236.417,1.446,134.000,2.500,15.050,1587,1052,132.1,58.25,9.16,1.8,0.6,0.8973,36.48,0.0231,23.11,10.05,19.41,32.41,16.38,11.6,46.43,77.25,39.56,28.76,0.5254,0.9,0.9062,0.2909,1
25,child2,child,18.5862,5.000,0.000,5.000,0.000,6.000,243.050,1.699,149.000,3.293,15.050,1600,1378,129.3,57.33,9.08,1.486,0.6488,0.8898,34.59,0.01948,34.21,10.26,15.69,24.62,17.2,12.02,38.08,67.98,38,27.64,0.3676,0.8566,0.791,0.305,0.9744
25,child3,child,8.8812,2.000,0.000,2.000,0.000,2.000,248.500,1.243,140.000,2.053,15.050,1600,1454,93.71,79.02,10.28,1.509,0.7437,0.9796,36.34,0.01739,33.92,8.074,21.16,30.78,17.93,8.138,42.71,71.79,32.5,25.63,0.5015,0.9,0.7929,0.2698,1
25,child4,child,16.3294,4.000,0.000,4.000,0.000,4.000,279.783,1.910,127.000,2.460,15.050,1446,1475,103.6,59.09,9.208,1.8,0.6,0.8251,30.21,0.02505,40.46,8.809,17.03,28.86,20.31,10.64,42.97,71.87,36.83,28.83,0.4279,0.8342,0.7214,0.2905,1
25,child5,child,13.7778,3.000,0.000,3.000,0.000,4.000,287.667,1.763,96.000,1.920,15.050,1509,1415,92.85,55.51,9.379,1.775,0.6412,0.7582,33.47,0.01939,28.67,7.08,21.27,28.54,15.62,10.7,33.16,69.95,42.94,23.59,0.4768,0.891,0.7727,0.2868,1
25,child6,child,20.1543,5.000,0.000,5.000,0.000,6.000,287.350,2.121,112.000,2.280,15.050,1600,1081,116.9,60.66,8.956,1.8,0.6,0.9873,35.91,0.02195,31.86,9.29,13.26,32.7,25.45,10.35,40.49,72.03,41.83,21.96,0.4982,0.9,0.7,0.2703,1
25,child7,child,16.7347,4.000,0.000,4.000,0.000,6.000,279.850,1.943,130.000,2.287,15.050,1279,1709,97.89,64.93,10.6,1.8,0.6444,0.911,34.31,0.01935,31.19,10.02,18.97,24.88,17.55,11.14,42.91,70.99,33.61,29.49,0.5919,0.9,0.7987,0.254,0.9916
26,parent,parent,6.6952,2.000,0.000,2.000,0.000,3.000,76.100,1.887,76.000,1.053,15.050,1600,1081,116.9,60.66,8.956,1.8,0.6,0.9873,35.91,0.02195,31.86,9.29,13.26,32.7,25.45,10.35,40.49,72.03,41.83,21.96,0.4982,0.9,0.7,0.2703,1
26,child0,child,2.6316,1.000,0.000,1.000,0.000,1.000,43.850,1.790,74.000,0.953,15.050,1600,981.1,103,63.31,9.921,1.731,0.6,0.9691,33.9,0.02157,29.33,11.86,15.94,30.32,26.35,9.029,35.94,82.84,40.1,23.16,0.6473,0.9,0.7097,0.3263,0.805
26,child1,child,6.7234,2.000,0.000,2.000,0.000,3.000,75.983,1.887,73.000,1.047,15.050,1527,900,109,52.52,9.996,1.8,0.6145,0.8643,35.58,0.02068,36.03,8.35,12.6,38.68,27.81,8.524,36.97,77.25,40.97,20.05,0.3758,0.9,0.7,0.2639,1
26,child2,child,6.6969,2.000,0.000,2.000,0.000,3.000,75.717,1.887,75.000,1.060,15.050,1554,1014,144.7,68.1,6.473,1.8,0.6819,0.9908,26.62,0.02324,29.51,7.819,12.59,33.49,23.25,10.52,45.26,71.29,38.5,23.48,0.5,0.9,0.7124,0.2939,1
26,child3,child,6.6849,2.000,0.000,2.000,0.000,3.000,75.033,1.888,75.000,1.047,15.050,1538,1177,111.2,48.73,8.814,1.8,0.6,1.079,31.87,0.03087,36.18,8.501,15.71,35.04,30,11.25,31.99,91.14,38.49,20.29,0.5387,0.8473,0.7,0.2689,1
26,child4,child,2.9522,1.000,0.000,1.000,0.000,2.000,52.350,1.699,74.000,0.993,15.050,1451,1200,114.1,62.04,10.72,1.8,0.6,1.031,34.26,0.02137,27.89,8.869,14.04,34.84,24.91,12.01,43.98,68.77,38.64,19.61,0.5498,0.7672,0.7196,0.2455,0.9987
26,child5,child,6.6959,2.000,0.000,2.000,0.000,3.000,76.100,1.887,76.000,1.047,15.050,1600,1169,126.5,56.12,7.724,1.8,0.6,0.9025,32.53,0.01791,29.34,9.647,12.73,38.4,23.68,12.7,43.33,74.73,35.29,20.2,0.5186,0.802,0.7,0.2717,1
26,child6,child,6.7818,2.000,0.000,2.000,0.000,3.000,75.950,1.886,67.000,1.053,15.050,1542,979.2,101.4,61.57,8.647,1.8,0.7645,0.8222,36.58,0.01509,35.59,10.11,11.15,29.69,26.11,9.985,41.48,65.45,41.23,25.52,0.4023,0.9,0.7,0.2572,0.863
26,child7,child,6.6959,2.000,0.000,2.000,0.000,3.000,76.100,1.887,76.000,1.047,15.050,1600,1004,116.5,71.04,8.95,1.767,0.6,1.097,38.06,0.02111,24.77,9.408,13.08,31.85,30,10.47,52.47,91.79,46.58,18.09,0.5404,0.9,0.7464,0.2542,1
27,parent,parent,8.2362,2.000,0.000,2.000,0.000,3.000,152.450,2.786,79.000,1.160,19.000,1542,979.2,101.4,61.57,8.647,1.8,0.7645,0.8222,36.58,0.01509,35.59,10.11,11.15,29.69,26.11,9.985,41.48,65.45,41.23,25.52,0.4023,0.9,0.7,0.2572,0.863
27,child0,child,8.6992,2.000,0.000,2.000,0.000,3.000,152.267,2.800,66.000,1.113,15.750,1393,1113,103.8,52.68,10.24,1.677,0.7607,0.795,32.6,0.01676,38.7,10.16,9.969,30.81,24.8,9.1,40.33,72.96,47.74,30,0.4486,0.9,0.7,0.2391,0.8
27,child1,child,0.8413,1.000,0.000,1.000,0.000,1.000,65.917,1.379,78.000,1.213,34.650,1600,961.8,128.4,56,9.329,1.8,0.8227,0.7498,37.51,0.01337,27.89,9.777,10.18,28.02,27.36,10.64,33.36,64.43,44.17,27.89,0.35,0.9,0.7074,0.2208,0.9059
27,child2,child,3.1192,0.000,0.000,0.000,0.000,1.000,176.433,2.840,53.000,0.380,14.617,1112,927.5,83.17,50.03,7.938,1.8,0.6443,0.6804,34.15,0.01471,27.09,9.28,11.93,33.01,24.87,9.426,39.29,67.22,41.39,26.85,0.35,0.7865,0.7,0.2332,0.9377
27,child3,child,5.8269,1.000,0.000,1.000,0.000,3.000,247.517,1.242,73.000,1.127,25.017,1600,900,110.8,61.89,8.374,1.714,0.6807,0.9558,37.36,0.01324,29.66,8.18,11.48,22.17,26.83,9.659,47.99,61.23,39.96,24.64,0.4108,0.9,0.7003,0.2785,0.8778
27,child4,child,8.7287,2.000,0.000,2.000,0.000,3.000,152.300,2.791,73.000,1.113,14.717,1386,1274,86.45,53.81,9.202,1.8,0.8492,0.8559,38.71,0.0155,35.19,9.594,13.69,34.06,23.53,9.861,46.05,66.99,40.16,24.95,0.4366,0.9,0.7,0.2353,0.8
27,child5,child,8.6336,2.000,0.000,2.000,0.000,3.000,152.267,2.778,82.000,1.193,14.617,1600,1059,90.94,60.46,6.412,1.8,0.9232,0.7923,40.03,0.01583,34.82,8.423,12.06,25.21,24.3,9.282,38.22,74.31,48.3,26.97,0.382,0.8931,0.7,0.2453,0.8979
27,child6,child,2.5970,0.000,0.000,0.000,0.000,1.000,176.433,2.847,54.000,0.367,19.783,1341,1056,87.4,61.9,8.9,1.669,0.7038,0.7973,36.16,0.01417,37.01,9.138,13.1,35.55,28.98,11.14,46.9,71.51,30.44,27.74,0.4469,0.9,0.7921,0.2457,1
27,child7,child,6.8783,2.000,0.000,2.000,0.000,2.000,121.450,2.315,95.000,1.800,19.783,1364,1053,93.87,63.13,9.125,1.562,0.6927,0.7412,41.34,0.01756,36.81,10.54,8.418,27.92,25.46,12.81,45.96,72.77,36.39,27.38,0.3624,0.9,0.7,0.2832,0.8589
28,parent,parent,3.8299,1.000,0.000,1.000,0.000,2.000,99.500,0.986,52.000,0.900,14.433,1386,1274,86.45,53.81,9.202,1.8,0.8492,0.8559,38.71,0.0155,35.19,9.594,13.69,34.06,23.53,9.861,46.05,66.99,40.16,24.95,0.4366,0.9,0.7,0.2353,0.8
28,child0,child,-44.9931,0.000,0.000,0.000,0.000,0.000,0.000,0.014,0.000,0.000,450.000,1600,1286,83.04,56.52,7.861,1.66,0.8428,1.062,38.23,0.01387,47.04,10.14,13.39,34.16,25.84,9.053,46.93,67.23,50.53,19.12,0.3852,0.9,0.7327,0.3437,0.8
28,child1,child,1.4328,0.000,0.000,0.000,0.000,2.000,111.417,1.005,49.000,0.547,11.533,1283,1466,76.97,67.28,8.02,1.553,0.7821,0.8693,39.71,0.01685,34.58,9.225,13.7,33.45,22.76,10.23,50.32,62.35,36.69,27.43,0.4314,0.7393,0.7,0.2363,0.8
28,child2,child,-44.9931,0.000,0.000,0.000,0.000,0.000,0.000,0.014,0.000,0.000,450.000,1333,1532,89.35,56.34,8.796,1.702,0.7856,0.8778,42.33,0.01543,34.64,9.763,12.81,31.26,19.28,9.752,51.81,60,42.39,21.58,0.4095,0.7809,0.9081,0.2343,0.8587
28,child3,child,-44.9931,0.000,0.000,0.000,0.000,0.000,0.000,0.014,0.000,0.000,450.000,1497,1441,93.7,63.47,8.492,1.8,0.9671,0.8769,45.22,0.01532,45.39,9.677,15.33,44.04,25.8,8.217,55.75,60,47.62,30,0.5113,0.8899,0.7071,0.2408,0.8512
28,child4,child,-44.9931,0.000,0.000,0.000,0.000,0.000,0.000,0.014,0.000,0.000,450.000,1310,1363,76.51,49.68,9.304,1.464,0.6876,0.8183,42.67,0.01307,44.28,9.573,12.54,34.55,27.59,8.649,41.83,60,43.18,27.61,0.5098,0.8871,0.7298,0.2049,0.8654
28,child5,child,1.4328,0.000,0.000,0.000,0.000,2.000,111.417,1.005,49.000,0.547,11.533,1296,1306,73.48,57.85,10.24,1.8,0.8013,0.8488,35.23,0.01563,31.94,9.615,14.39,35.13,26.28,7.879,47.1,72.03,40.82,30,0.4829,0.8236,0.7,0.2237,1
28,child6,child,0.9612,0.000,0.000,0.000,0.000,1.000,109.833,0.956,48.000,0.533,13.800,1334,1119,89.02,55.12,8.388,1.8,0.7262,0.8628,35.85,0.0136,35.83,8.806,16.32,32.1,27.19,8.096,41.32,63.07,39.09,24.4,0.3658,0.9,0.7,0.277,0.8758
28,child7,child,1.4826,0.000,0.000,0.000,0.000,1.000,117.867,1.044,41.000,0.467,11.400,1082,1469,95.43,63.07,10.61,1.8,0.7553,1.151,37.7,0.01413,36.12,7.812,12.55,38.07,26.25,9.054,39.39,75.46,42.33,24.46,0.4029,0.9,0.9109,0.1997,0.8594
29,parent,parent,13.0167,2.000,0.000,2.000,0.000,5.000,362.250,1.948,64.000,1.073,14.550,1386,1274,86.45,53.81,9.202,1.8,0.8492,0.8559,38.71,0.0155,35.19,9.594,13.69,34.06,23.53,9.861,46.05,66.99,40.16,24.95,0.4366,0.9,0.7,0.2353,0.8
29,child0,child,-44.9916,0.000,0.000,0.000,0.000,0.000,0.000,0.017,0.000,0.000,450.000,1369,1316,101.1,49.56,6.971,1.768,0.6,0.7865,41.76,0.01699,34.31,11.93,11.21,34.57,23.19,9.199,43.16,60,40.76,27.86,0.35,0.8677,0.7131,0.2193,0.8225
29,child1,child,-3.3149,1.000,0.000,1.000,0.000,3.000,254.167,1.968,61.000,0.987,122.733,1283,1402,98.67,53.22,9.919,1.671,0.7266,0.8266,43.97,0.01503,39.33,8.799,16.78,37.82,25.13,9.414,38.61,60,38.98,28.46,0.468,0.9,0.7254,0.1969,0.8
29,child2,child,10.1668,1.000,0.000,1.000,0.000,4.000,373.967,1.968,57.000,0.713,14.550,1216,1371,92.35,57.26,10.5,1.8,0.7806,0.7565,46.43,0.01697,42.34,10.41,9.883,38.96,26.66,11.75,54.17,78.75,42.07,26.6,0.3961,0.8895,0.7,0.2243,0.8171
29,child3,child,4.8281,0.000,0.000,0.000,0.000,2.000,284.517,1.686,80.000,0.800,12.250,1383,1344,67.55,56.96,10.73,1.699,0.7449,0.7722,38.55,0.01582,37.77,8.132,11.27,38.35,20.21,9.524,50.36,83.47,37.28,27.31,0.4701,0.8242,0.922,0.1987,0.8
29,child4,child,22.0969,5.000,0.000,5.000,0.000,7.000,341.417,2.717,82.000,2.267,14.433,1544,1512,85.04,55.92,7.827,1.8,0.8189,0.8451,39.97,0.014,38.72,10.08,13.33,32.46,18.76,11.43,42.61,67.98,44.89,24.89,0.4755,0.6876,0.7436,0.1918,0.8
29,child5,child,-44.9916,0.000,0.000,0.000,0.000,0.000,0.000,0.017,0.000,0.000,450.000,1352,1372,94.2,49.56,9.02,1.54,0.7613,0.8423,47.44,0.01174,34.8,8.65,13.82,31.23,20.44,10.09,50.09,60,42.03,29.48,0.4996,0.7858,0.7,0.2072,0.827
29,child6,child,16.0716,3.000,0.000,3.000,0.000,5.000,364.367,2.492,85.000,1.567,14.550,1316,1169,85.65,50.85,10.65,1.8,0.9051,0.9867,37.27,0.01196,36.48,8.535,14.51,27.26,22.51,11.44,38.1,73.57,37.65,28.37,0.4812,0.9,0.7759,0.2476,0.8
29,child7,child,0.9719,0.000,0.000,0.000,0.000,0.000,108.867,1.689,79.000,1.000,11.600,1502,1248,85.41,49.28,8.542,1.8,0.8192,0.7786,34.99,0.01606,36.89,9.383,12.45,39.26,28.97,8.381,50.53,64.14,37.76,22.59,0.4059,0.8934,0.7,0.2712,0.8
