gen,candidate,kind,fitness,homeGoals,awayGoals,goalDiff,shotDiff,boxDiff,attThirdDiff,possDiff,reversals,transPerSec,stationary,ShootRangeNear,ShootRangeFar,ShootScoreNear,ShootScoreFar,ShootPressurePenalty,RoleAttackForward,RoleAttackMidfielder,RoleAttackDefender,PassBaseScore,PassScoreScale,PassPressureBonus,PassFarBonus,CrossBonus,DribbleBaseScore,DribbleLaneBonus,DribbleFreeSpaceBonus,ClearScore,ChaseBaseScore,HoldBaseScore,CommitmentBonus,AttackDepthDefender,AttackDepthMidfielder,AttackDepthForward,HomePositionLerp,DeepRunDepth,DefendDepthDefender,DefendDepthMidfielder,DefendDepthForward,DefendBallPull,GKChaseGoalDistance,GKChaseBallDistance,GKLineOffset,GKTrackLerp
0,parent,parent,-2.6033,4.000,2.000,2.000,15.000,-3.000,-63.100,-0.005,1220.000,7.253,13.133,1400,1640,91,58.6,9.4,1.8,0.64,1,39,0.022,25,12.5,26,31,17.3,11.7,72.5,80,47.4,21.8,0.45,0.9,0.78,0.52,0.96,0.25,0.45,0.6,0.15,600,500,60,0.25
0,child0,child,9.8743,5.000,1.000,4.000,11.000,2.000,-11.383,0.713,398.000,4.127,37.617,1568,1920,90.83,56.13,7.973,1.717,0.6291,1.115,35.46,0.01806,24.85,11.21,25.7,34.29,20.86,12.5,66.69,69.12,48.35,21.12,0.5218,0.9,0.7739,0.5813,0.8217,0.2219,0.4198,0.5975,0.1514,638.7,539.6,76.18,0.2756
0,child1,child,-47.5601,0.000,2.000,-2.000,-11.000,-10.000,-350.650,-2.211,225.000,2.133,234.783,1600,1413,100.2,57.7,9.366,1.783,0.6432,1.145,36.01,0.02426,24.68,12.68,26.32,24.44,15.96,14.88,84.12,96.09,47.8,23.96,0.5192,0.7826,0.8496,0.5275,0.893,0.2324,0.473,0.387,0.1527,632.1,463.6,56.78,0.2334
0,child2,child,1.0260,3.000,1.000,2.000,8.000,0.000,-38.600,-0.435,565.000,5.213,18.133,1600,1573,84.75,51.11,8.909,1.728,0.7043,1.015,38.67,0.02339,24.36,9.695,26.39,30.09,13.99,11.08,66.34,77.85,52.31,23.61,0.4858,0.7867,0.7,0.4207,1,0.2337,0.4086,0.5842,0.1582,655.6,502.6,62.11,0.2698
0,child3,child,-2.9068,2.000,2.000,0.000,11.000,1.000,6.483,0.131,696.000,5.453,12.967,1429,1912,97.14,45.7,9.127,1.8,0.6,1.121,38.97,0.02584,29.27,11.82,26.17,33.38,19.2,13.46,50.86,84.98,45.36,24.26,0.3873,0.8362,0.7042,0.6319,1,0.2199,0.4818,0.6456,0.1475,590.2,514.4,61.88,0.2298
0,child4,child,3.5444,3.000,1.000,2.000,15.000,-1.000,44.500,-0.268,670.000,5.680,32.433,1600,1732,101.1,54.3,9.679,1.789,0.7122,1.207,41.59,0.02413,32.1,11.53,23.3,37.47,14.16,15.34,79.36,70.68,48.8,25.91,0.3852,0.9,0.7,0.5133,1,0.3016,0.4597,0.5378,0.1132,617.8,425,72.39,0.1884
0,child5,child,-1.1314,2.000,1.000,1.000,1.000,1.000,25.000,-0.472,310.000,4.387,15.567,1270,1597,78.95,55.35,10.54,1.595,0.7231,1.089,49.46,0.02731,31.89,14.62,23.69,32.35,13.23,11.27,63.61,75.24,44.36,19.66,0.4655,0.9,0.7142,0.4873,1,0.2424,0.448,0.6147,0.1864,508.7,452.1,53.39,0.2675
0,child6,child,3.7366,1.000,0.000,1.000,20.000,0.000,-15.300,-0.395,693.000,4.867,13.433,1172,1556,96.55,54.62,11.36,1.449,0.6776,0.9616,39.09,0.02284,26.05,12.47,28.87,35.73,15.13,11.5,66.02,76.98,51.8,18.52,0.4048,0.787,0.8483,0.5017,0.9161,0.2498,0.4086,0.5394,0.1431,689,603,58.7,0.2326
0,child7,child,-3.6582,2.000,1.000,1.000,2.000,-2.000,-55.500,-0.279,391.000,4.653,16.333,1378,1427,86.87,63.28,11.11,1.591,0.8507,0.895,36.97,0.02222,27.29,14.03,25.25,28.28,13.55,12.29,79.74,72.66,41.25,21.6,0.4371,0.8949,0.9713,0.414,1,0.259,0.4426,0.6095,0.1174,612.6,537.2,46.46,0.231
1,parent,parent,4.9248,2.000,1.000,1.000,18.000,3.000,5.000,0.339,556.000,4.380,19.467,1568,1920,90.83,56.13,7.973,1.717,0.6291,1.115,35.46,0.01806,24.85,11.21,25.7,34.29,20.86,12.5,66.69,69.12,48.35,21.12,0.5218,0.9,0.7739,0.5813,0.8217,0.2219,0.4198,0.5975,0.1514,638.7,539.6,76.18,0.2756
1,child0,child,-44.9908,0.000,0.000,0.000,0.000,0.000,0.000,0.018,0.000,0.000,450.000,1600,1491,98.54,55.64,6.21,1.748,0.7861,1.153,36.87,0.01847,31.1,11.3,20.79,36.09,21.18,13.22,65.97,60,51.07,21.92,0.6253,0.8711,0.8017,0.5491,0.8,0.2291,0.4818,0.55,0.1569,850.1,475.3,88.01,0.2493
1,child1,child,7.0239,4.000,1.000,3.000,12.000,-2.000,-13.783,0.184,557.000,5.273,12.950,1521,1968,101.8,68.93,7.196,1.8,0.6,1.09,43.12,0.02305,24.29,10.7,33.84,31.67,21.5,12.52,70.77,77.93,54.07,22.59,0.55,0.9,0.709,0.6262,0.8391,0.2353,0.4081,0.6163,0.1364,655.2,592.5,75.45,0.2335
1,child2,child,-44.9916,0.000,0.000,0.000,0.000,0.000,0.000,0.017,0.000,0.000,450.000,1496,1812,90.57,53.93,9.026,1.7,0.6215,1.053,30.74,0.01865,27.53,12.36,25.16,36.56,22.43,11.67,66.4,60,42.31,21.55,0.5342,0.7724,0.7342,0.5947,0.8,0.2191,0.333,0.6364,0.1296,524.2,658.6,73.07,0.252
1,child3,child,-0.3884,0.000,0.000,0.000,0.000,3.000,57.383,0.145,136.000,1.720,6.767,1564,1645,78.95,54.29,6.784,1.652,0.6,0.8815,37.76,0.01811,26.43,12.89,29.43,33.19,24.83,12.66,65.3,79.38,44.41,24.86,0.4389,0.9,0.7951,0.7573,0.8167,0.2598,0.3909,0.5269,0.1264,641.7,529.4,68.84,0.2663
1,child4,child,-44.9910,0.000,0.000,0.000,0.000,0.000,0.000,0.018,0.000,0.000,450.000,1444,2378,83.54,64.93,9.196,1.446,0.6132,1.3,34.62,0.01415,23.09,11.78,29.83,40.27,16.75,12.86,67.94,62.08,49.37,23.02,0.4005,0.8566,0.7328,0.7847,0.8,0.2519,0.4041,0.5313,0.1566,721.8,515.4,62.29,0.259
1,child5,child,3.4429,3.000,0.000,3.000,3.000,-3.000,-172.800,0.753,186.000,2.227,12.950,1600,1578,106.9,62.43,7.443,1.478,0.6413,1.3,37.19,0.01644,24.84,10.82,20.46,36.76,20.98,10.23,64.88,68.98,44.05,19.18,0.4893,0.9,0.8842,0.6028,0.82,0.2486,0.4185,0.801,0.146,629.6,554.5,67.04,0.2753
1,child6,child,-44.9906,0.000,0.000,0.000,0.000,0.000,0.000,0.019,0.000,0.000,450.000,1495,1923,93.62,60.39,6.583,1.8,0.6,1.142,31.23,0.02156,21.79,10.1,26.24,29.37,20.86,14.42,78.98,67.58,52.33,22.85,0.5419,0.8749,0.7249,0.6176,0.8561,0.2288,0.42,0.5282,0.152,605.4,443.2,86.57,0.2783
1,child7,child,-44.9921,0.000,0.000,0.000,0.000,0.000,0.000,0.016,0.000,0.000,450.000,1600,1970,90.72,57.77,7.405,1.303,0.6463,1.14,31.83,0.01604,28.19,11.79,23.44,34.75,20.11,14.1,82.36,65.58,68.06,21.96,0.5026,0.9,0.844,0.6909,0.8,0.2432,0.3556,0.6056,0.133,569.8,646.5,73.52,0.2475
2,parent,parent,15.9811,6.000,0.000,6.000,12.000,0.000,10.333,0.326,657.000,6.067,12.117,1521,1968,101.8,68.93,7.196,1.8,0.6,1.09,43.12,0.02305,24.29,10.7,33.84,31.67,21.5,12.52,70.77,77.93,54.07,22.59,0.55,0.9,0.709,0.6262,0.8391,0.2353,0.4081,0.6163,0.1364,655.2,592.5,75.45,0.2335
2,child0,child,9.8040,5.000,1.000,4.000,13.000,1.000,27.583,0.376,773.000,6.107,12.950,1534,1973,110.9,65.71,7.077,1.8,0.6763,0.9674,39.42,0.02408,26.12,10.81,33.97,41.16,21.35,11.98,59.27,82.54,58.71,23.52,0.5977,0.8078,0.7017,0.5502,0.8096,0.2303,0.4238,0.6385,0.1408,569,523.6,68.72,0.2221
2,child1,child,-44.9929,0.000,0.000,0.000,0.000,0.000,0.000,0.014,0.000,0.000,450.000,1480,1866,127.2,85.94,7.267,1.55,0.6765,1.146,43.06,0.02315,22.62,11.51,33.13,35.89,20.81,10.82,74.8,66.23,50.13,20.18,0.555,0.9,0.7544,0.712,0.9712,0.2135,0.4135,0.6444,0.1445,586,592.3,69.91,0.2448
2,child2,child,13.3111,4.000,0.000,4.000,18.000,6.000,60.817,0.271,836.000,5.873,12.933,1600,1573,118.8,70.81,9.42,1.8,0.6,0.9431,53.27,0.02547,20.12,12.98,35.79,32.21,26.05,11.34,70.27,99.48,60.25,23.34,0.6629,0.9,0.7,0.6247,0.8,0.245,0.3886,0.6866,0.1107,612.1,615.7,80.27,0.1998
2,child3,child,-44.9930,0.000,0.000,0.000,0.000,0.000,0.000,0.014,0.000,0.000,450.000,1600,1662,76.31,60.61,6.871,1.8,0.6,1.067,47.01,0.02736,19.55,11.48,33.2,30.02,21.15,12.46,76.43,72.3,52.97,19.85,0.6126,0.9,0.8268,0.6887,0.9075,0.253,0.3862,0.596,0.1355,687.7,513,79.24,0.2255
2,child4,child,-17.0227,1.000,1.000,0.000,2.000,-5.000,-173.867,-0.497,350.000,2.833,95.133,1526,1924,123.1,61.06,6.062,1.509,0.6,1.239,42.78,0.02282,18,11.03,26.72,32.45,22.17,15.22,78.12,99.33,54.9,25.8,0.6807,0.9,0.7,0.7058,0.8592,0.2333,0.4283,0.5503,0.1188,677.3,747.4,73.16,0.2154
2,child5,child,-44.9924,0.000,0.000,0.000,0.000,0.000,0.000,0.015,0.000,0.000,450.000,1435,2048,87.13,56.9,6.154,1.8,0.6,1.194,48.46,0.02264,22.05,11.86,35.85,35.56,16.26,13.07,81.45,67.59,54.95,22.45,0.5399,0.72,0.7,0.6,0.9779,0.203,0.3408,0.5657,0.1602,507.1,522,78.72,0.1989
2,child6,child,2.9784,1.000,0.000,1.000,10.000,1.000,-45.450,0.652,340.000,2.787,9.600,1310,1724,99.4,81.8,6.453,1.745,0.6725,1.204,42.21,0.02235,29.5,10.32,33.15,34.1,21.6,12.39,71.42,70.8,44.33,25.76,0.5283,0.9,0.8224,0.6715,0.8928,0.205,0.4035,0.5787,0.1387,666.9,529.4,55.97,0.2151
2,child7,child,-44.9910,0.000,0.000,0.000,0.000,0.000,0.000,0.018,0.000,0.000,450.000,1507,2336,93.52,78.2,5.733,1.8,0.7178,0.9397,38.72,0.02115,32.13,12.19,34.32,29.46,16.72,12.75,76.23,72.05,65.32,22.13,0.4428,0.8826,0.7,0.5564,0.8786,0.3246,0.3641,0.5835,0.1274,583.3,578,80.45,0.2195
3,parent,parent,-15.3707,2.000,3.000,-1.000,-3.000,-10.000,-145.950,-0.256,408.000,4.487,12.950,1521,1968,101.8,68.93,7.196,1.8,0.6,1.09,43.12,0.02305,24.29,10.7,33.84,31.67,21.5,12.52,70.77,77.93,54.07,22.59,0.55,0.9,0.709,0.6262,0.8391,0.2353,0.4081,0.6163,0.1364,655.2,592.5,75.45,0.2335
3,child0,child,-7.8208,1.000,1.000,0.000,3.000,-5.000,-93.633,-0.846,403.000,4.567,15.383,1565,2355,106.9,66.46,7.459,1.54,0.7481,0.9563,40.95,0.02062,28,11.88,36.36,22.96,19.7,9.641,85.56,77.28,49.66,26.27,0.5454,0.9,0.7,0.5015,0.8097,0.2334,0.3732,0.7015,0.144,576.4,633.8,80.94,0.2599
3,child1,child,-44.9921,0.000,0.000,0.000,0.000,0.000,0.000,0.016,0.000,0.000,450.000,1600,1524,90.26,67.45,7.829,1.8,0.6,0.9323,37.93,0.02207,26.04,9.288,33.98,27.72,17.4,10.74,75.4,66.35,56.88,20.9,0.506,0.7139,0.7,0.6578,0.8,0.2117,0.459,0.6022,0.1348,538.6,543.7,88.35,0.2324
3,child2,child,13.7391,3.000,0.000,3.000,25.000,3.000,52.000,0.427,782.000,5.427,12.517,1542,1972,106.6,61.68,7.102,1.759,0.6452,0.8147,51.1,0.02109,26.26,10.54,29.92,36.09,23.47,12.96,73.01,85.47,44.67,22.49,0.5647,0.8607,0.7167,0.6264,0.8649,0.2213,0.4063,0.5834,0.1272,723.2,555.8,90.14,0.2726
3,child3,child,13.9786,5.000,0.000,5.000,20.000,1.000,-38.450,-0.074,839.000,6.820,13.433,1388,1929,94.14,70.03,8.324,1.8,0.6,1.144,46.17,0.02387,20.73,11.46,38.92,26.48,19.46,13.39,67.81,101.8,46.85,26.03,0.6736,0.8269,0.7,0.5766,0.9365,0.2067,0.4517,0.5547,0.1285,644.8,767.9,97.12,0.265
3,child4,child,-0.6356,2.000,0.000,2.000,-1.000,-2.000,-47.050,-0.234,309.000,4.260,11.617,1414,1912,103.5,55.16,7.485,1.459,0.6226,0.9492,42.21,0.02695,27.28,10.37,30.94,30.15,23.78,12.38,68.3,93.13,53.29,28.48,0.5333,0.8884,0.7654,0.5886,0.8656,0.2442,0.3406,0.5899,0.1512,786,780.3,67.68,0.1942
3,child5,child,-11.3608,2.000,1.000,1.000,-8.000,-6.000,-122.067,-0.262,458.000,4.267,15.817,1600,1580,90.21,58.76,7.901,1.57,0.6767,1.122,37.38,0.0234,25.71,11.54,33.45,33.78,21.15,12.06,70.82,89.93,50.27,21.11,0.7417,0.8637,0.8363,0.5952,0.8,0.261,0.4746,0.6336,0.1306,698.9,674,77.48,0.2273
3,child6,child,3.9327,2.000,1.000,1.000,17.000,-1.000,14.850,0.163,589.000,5.073,13.483,1600,2373,86.04,83.56,8.12,1.699,0.6495,0.8907,45.15,0.02457,32.13,10.24,38.81,36.49,23.44,13.96,63.23,88.21,54.67,21.33,0.5897,0.8548,0.7,0.6435,0.802,0.2378,0.328,0.6588,0.1246,644.3,610.4,70.47,0.2415
3,child7,child,1.1406,3.000,1.000,2.000,0.000,0.000,-35.017,0.695,291.000,3.667,12.300,1414,2065,86.96,79.73,7.299,1.58,0.6,1.3,42.48,0.0207,22.99,11.41,30.94,32.63,23.47,15.01,67.7,88.27,50.19,25.4,0.5323,0.7905,0.7535,0.599,0.8,0.2578,0.3672,0.6634,0.1377,612.1,526.9,76.17,0.2644
4,parent,parent,13.9833,4.000,0.000,4.000,15.000,4.000,27.733,0.414,526.000,5.200,12.983,1388,1929,94.14,70.03,8.324,1.8,0.6,1.144,46.17,0.02387,20.73,11.46,38.92,26.48,19.46,13.39,67.81,101.8,46.85,26.03,0.6736,0.8269,0.7,0.5766,0.9365,0.2067,0.4517,0.5547,0.1285,644.8,767.9,97.12,0.265
4,child0,child,19.3540,5.000,0.000,5.000,19.000,10.000,55.050,0.125,642.000,5.480,13.417,1382,1990,109.4,79.09,7.663,1.8,0.6,0.9993,49.96,0.01765,17.55,9.941,40,27.77,19.94,14.16,65.67,110,49.4,30,0.5871,0.7956,0.8119,0.682,0.8137,0.2262,0.5007,0.5173,0.1036,585.2,800,120,0.2628
4,child1,child,15.2873,3.000,0.000,3.000,17.000,10.000,158.817,0.049,509.000,5.553,17.683,1194,2202,92.85,68,8.007,1.714,0.6,1.147,47.98,0.02532,19.79,10.54,40,30.84,16.43,20.41,59.78,105.5,45.81,25.16,0.6839,0.6907,0.7,0.4953,0.9551,0.206,0.4176,0.647,0.1013,632.7,744.4,98.73,0.3138
4,child2,child,-13.9479,1.000,1.000,0.000,-8.000,-2.000,-92.717,-0.202,579.000,4.673,13.350,1222,2242,90.09,59.39,8.789,1.8,0.6,1.19,41.28,0.02657,23.68,11.29,40,22.72,20.07,11.93,72.64,107.2,48.29,24.9,0.6885,0.7751,0.7389,0.8,0.9507,0.1866,0.4049,0.602,0.1604,651.7,800,100.6,0.2444
4,child3,child,-6.3493,1.000,1.000,0.000,-3.000,-2.000,-7.333,-0.571,253.000,3.473,11.400,1369,1627,94.69,55.71,8.587,1.314,0.6099,1.3,47.7,0.02249,23.15,10.04,40,25.54,21.91,15.32,83.29,101.4,40.41,26.68,0.7166,0.9,0.7399,0.5873,0.8836,0.2216,0.4143,0.5161,0.1282,749.3,749.3,114.2,0.2783
4,child4,child,0.6230,1.000,0.000,1.000,4.000,-1.000,27.533,-0.418,325.000,3.087,9.600,1290,1281,102.9,65.28,9.38,1.8,0.6,1.3,58.25,0.02058,21.86,10.63,31.86,24.25,19.77,14.64,67.1,108.1,35.53,30,0.7032,0.9,0.7,0.5216,0.9703,0.1918,0.5541,0.5392,0.1028,730,787.5,86.1,0.1951
4,child5,child,-0.7429,3.000,0.000,3.000,-2.000,-4.000,-56.533,-0.123,499.000,4.907,12.700,1195,2021,72.52,83.49,7.608,1.8,0.6,1.047,50.7,0.03121,24.34,12.61,31.9,31.07,21.59,10.78,55.61,105.9,46.35,23.19,0.666,0.7605,0.775,0.5483,0.8698,0.2182,0.4911,0.5932,0.1228,532.9,679.2,110.7,0.2335
4,child6,child,-15.6133,3.000,3.000,0.000,-8.000,-3.000,-79.850,-0.155,743.000,6.153,12.933,1338,2130,89.34,72.79,8.32,1.759,0.7753,1.106,47.59,0.02146,19.9,12.1,34.86,27.84,20.44,16.84,63.91,101.2,54.1,27,0.5592,0.9,0.7557,0.8,0.8225,0.2034,0.4337,0.5782,0.1164,746.5,800,83.86,0.3144
4,child7,child,5.9211,3.000,0.000,3.000,8.000,4.000,21.033,0.224,636.000,5.413,15.100,1302,1719,101.8,71.88,10.08,1.706,0.6,1.018,49.03,0.02074,20.81,10.45,34.17,25.99,19.79,15.85,100,110,43.58,21.89,0.75,0.9,0.7,0.6599,1,0.1816,0.5067,0.5636,0.1106,663.9,730.7,96.68,0.215
5,parent,parent,-1.6887,2.000,1.000,1.000,3.000,1.000,-24.633,-0.329,401.000,4.280,12.933,1382,1990,109.4,79.09,7.663,1.8,0.6,0.9993,49.96,0.01765,17.55,9.941,40,27.77,19.94,14.16,65.67,110,49.4,30,0.5871,0.7956,0.8119,0.682,0.8137,0.2262,0.5007,0.5173,0.1036,585.2,800,120,0.2628
5,child0,child,20.6167,6.000,0.000,6.000,14.000,7.000,19.383,0.387,457.000,4.660,13.283,1505,2176,99.16,80.36,8.273,1.8,0.6305,1.056,51.42,0.01435,15.44,8.929,40,25.17,23.54,13.61,70.83,110,57.89,24.6,0.4535,0.8119,0.7108,0.7171,0.8667,0.2161,0.4259,0.7187,0.1029,535.7,800,97.12,0.2527
5,child1,child,2.6374,1.000,0.000,1.000,5.000,1.000,70.800,-0.176,305.000,3.320,10.083,1330,2223,96.47,83.42,7.065,1.645,0.6334,1.064,38.23,0.02059,16.98,9.711,40,32.03,20.83,11.99,78.41,96.01,56.26,30,0.5637,0.8245,0.7973,0.6672,0.8622,0.2103,0.468,0.5366,0.09574,538.6,800,120,0.2369
5,child2,child,-0.7393,2.000,1.000,1.000,13.000,3.000,40.567,0.188,982.000,6.313,12.933,1310,1990,135.3,84.04,7.62,1.619,0.6432,1.11,52.07,0.01893,15.42,10.4,38.46,24.48,24.46,13.44,69.83,93.96,46.11,29.38,0.5902,0.7149,0.839,0.6751,0.8133,0.2044,0.5549,0.5492,0.08523,655.4,775.1,115.9,0.2531
5,child3,child,-7.5257,1.000,1.000,0.000,4.000,-3.000,-67.917,-0.339,586.000,4.347,11.033,1234,2600,121.6,66.47,6.469,1.8,0.6607,0.8215,60,0.0146,14.01,9.62,39.17,28.5,19.37,16.24,58.08,107.8,42.34,30,0.6174,0.7968,0.7285,0.7033,0.8,0.2705,0.4119,0.4467,0.09409,622,800,120,0.2768
5,child4,child,-11.5564,1.000,1.000,0.000,-7.000,-6.000,-60.200,-0.390,390.000,4.260,11.317,1317,2004,125,73.51,8.977,1.8,0.6,1.046,50.46,0.01886,21.2,11.09,40,28.03,16.64,15.07,62.68,108.1,51.62,24.14,0.5129,0.8186,0.7239,0.6876,0.8,0.2115,0.4325,0.4671,0.08285,562.4,800,120,0.2092
5,child5,child,-0.6302,3.000,1.000,2.000,5.000,-3.000,-9.050,0.282,653.000,5.287,14.317,1342,1827,101.4,72.56,7.369,1.8,0.6764,0.9069,58.17,0.01965,18.34,12.01,36.53,25.2,20.25,14.27,51.05,110,46.17,30,0.6684,0.7545,0.8765,0.7823,0.8,0.2492,0.4485,0.5205,0.09598,498.6,800,120,0.243
5,child6,child,3.8414,3.000,1.000,2.000,7.000,0.000,-75.550,0.596,280.000,3.507,12.950,1598,1747,121.2,70.17,6.625,1.8,0.6194,1.216,42.56,0.01664,19.36,12.24,40,32.6,17.56,14.53,69.8,107.2,50.55,25.24,0.5898,0.6781,0.9035,0.6284,0.8428,0.1659,0.6552,0.4494,0.1062,458.4,800,113.2,0.234
5,child7,child,6.9636,4.000,0.000,4.000,10.000,0.000,-31.617,-0.186,614.000,5.113,26.600,1214,2246,119.7,62.53,7.101,1.8,0.6,1.045,55.58,0.01607,16.69,11.24,39.81,26.73,19.18,11.46,62.32,106.5,48.58,30,0.6067,0.863,0.78,0.6546,0.8598,0.2727,0.5083,0.424,0.09554,547.1,766.6,116.4,0.2414
6,parent,parent,15.1232,4.000,0.000,4.000,12.000,10.000,67.817,0.516,468.000,4.627,13.483,1505,2176,99.16,80.36,8.273,1.8,0.6305,1.056,51.42,0.01435,15.44,8.929,40,25.17,23.54,13.61,70.83,110,57.89,24.6,0.4535,0.8119,0.7108,0.7171,0.8667,0.2161,0.4259,0.7187,0.1029,535.7,800,97.12,0.2527
6,child0,child,3.7213,2.000,0.000,2.000,26.000,11.000,107.550,-0.944,587.000,4.593,128.283,1426,2066,87.34,87.88,9.491,1.658,0.8116,0.8414,51.26,0.01539,16.11,13.25,40,25.99,23.31,13.84,72.71,109.7,56.03,25.32,0.5222,0.8228,0.7,0.6984,0.9817,0.1709,0.4914,0.667,0.1047,588.1,800,115.6,0.2647
6,child1,child,9.7692,2.000,0.000,2.000,31.000,13.000,193.783,0.322,815.000,5.440,96.733,1538,2535,103.9,88.24,10.97,1.542,0.6,0.763,56.19,0.01356,15.87,10.66,34.81,29.33,22.38,12.61,63.33,100.6,45.04,26.65,0.4638,0.7308,0.7369,0.8,1,0.1847,0.4026,0.6649,0.1118,490.9,711.5,109.3,0.2812
6,child2,child,-7.1869,5.000,3.000,2.000,-4.000,-4.000,-114.333,-0.043,342.000,4.887,41.700,1446,2074,92.03,72.31,8.675,1.474,0.6,1.096,51.81,0.01409,12.16,7.653,34.81,29.48,21.57,15.02,84.96,110,74.76,20.54,0.5866,0.8498,0.7991,0.6613,0.8311,0.2303,0.4094,0.6647,0.1185,476.6,785.5,84.52,0.2157
6,child3,child,11.8629,4.000,0.000,4.000,6.000,3.000,-42.483,1.168,192.000,2.533,12.983,1257,2268,111,88.49,9.018,1.8,0.787,1.172,41.59,0.01717,17.71,9.699,36.2,24.82,25.97,16.58,78.74,110,55.78,20.29,0.4452,0.7875,0.7029,0.5898,1,0.1946,0.4422,0.6094,0.09311,575.9,754.6,90.42,0.3061
6,child4,child,1.6819,1.000,0.000,1.000,1.000,2.000,15.067,-0.508,116.000,1.473,9.583,1600,2277,113.3,101,9.901,1.8,0.7038,0.9685,42.59,0.01187,14.92,8.912,40,26.39,25.47,12.48,62.45,108.7,58.97,23.68,0.5169,0.7838,0.8149,0.6094,0.8,0.2333,0.4632,0.85,0.1235,572.1,800,113.7,0.2731
6,child5,child,-1.1169,4.000,2.000,2.000,9.000,-3.000,-23.483,-0.252,847.000,6.113,13.400,1525,2505,82.05,71.95,9.821,1.8,0.6522,0.8109,44,0.0149,17.16,7.462,40,21.05,25.96,12.5,63.46,88.61,61.76,25.61,0.4493,0.8716,0.7,0.6271,0.8724,0.2093,0.4499,0.85,0.1255,497.2,800,78.19,0.2364
6,child6,child,1.2171,3.000,1.000,2.000,6.000,4.000,-19.167,0.059,639.000,5.440,12.950,1593,2273,117.5,74.72,7.507,1.8,0.6997,1.013,55.81,0.01173,13.38,9.274,40,21.98,21.84,13.17,81.28,110,57.62,25.17,0.485,0.9,0.7,0.8,1,0.2212,0.398,0.8104,0.1094,553.6,800,94.28,0.2192
6,child7,child,-8.0633,2.000,1.000,1.000,7.000,-2.000,-142.950,-0.465,366.000,2.733,71.383,1531,2221,91.83,78.06,8.617,1.648,0.6,1.193,42.84,0.0126,13.15,9.331,37.87,33.12,23.45,12.75,81.9,100.8,71.09,25.74,0.4472,0.6314,0.7,0.7242,0.8,0.2329,0.546,0.85,0.1122,449.1,800,94.44,0.2629
7,parent,parent,3.3550,1.000,0.000,1.000,10.000,1.000,0.733,-0.046,380.000,2.700,7.667,1505,2176,99.16,80.36,8.273,1.8,0.6305,1.056,51.42,0.01435,15.44,8.929,40,25.17,23.54,13.61,70.83,110,57.89,24.6,0.4535,0.8119,0.7108,0.7171,0.8667,0.2161,0.4259,0.7187,0.1029,535.7,800,97.12,0.2527
7,child0,child,-15.7576,1.000,3.000,-2.000,10.000,-1.000,67.950,0.188,679.000,4.773,87.433,1600,2323,91.34,74.84,8.843,1.8,0.6532,1.05,54.13,0.01569,14.69,11.3,40,31.07,22.34,15.11,75.4,110,58.1,23.84,0.4182,0.7376,0.7177,0.7136,0.8034,0.1864,0.3991,0.7655,0.09392,467.7,800,113.2,0.239
7,child1,child,3.1627,2.000,0.000,2.000,8.000,-3.000,-121.767,1.064,303.000,2.273,10.767,1511,2583,97.78,82.06,8.722,1.744,0.6756,1.3,57.57,0.01314,15.05,9.033,40,26,20.87,13.2,61.25,110,59.82,25.67,0.4731,0.7488,0.7093,0.7119,0.987,0.1698,0.4721,0.85,0.1198,491.9,749.4,116.4,0.2312
7,child2,child,5.0162,2.000,0.000,2.000,9.000,-2.000,-60.817,0.864,307.000,2.380,9.917,1256,2138,79.95,80.47,6.864,1.8,0.6,1.219,49.65,0.01585,14.62,7.752,40,27.37,25.76,15.31,68.76,102,57.65,19.43,0.4797,0.7652,0.7,0.6213,0.9135,0.2108,0.5559,0.671,0.09839,623.1,800,73.89,0.243
7,child3,child,-28.2510,1.000,2.000,-1.000,0.000,-9.000,-209.067,-0.959,468.000,3.767,137.333,1408,1998,97.88,70.88,7.042,1.8,0.6395,1.203,57.53,0.01197,15.21,9.497,33.37,23.44,23.44,15.38,71.22,89.83,51.49,25.17,0.4689,0.8369,0.7,0.8,0.8154,0.2691,0.384,0.6108,0.1146,500.8,800,89.1,0.2498
7,child4,child,15.9994,7.000,1.000,6.000,8.000,3.000,16.367,0.678,541.000,5.620,12.950,1600,1927,101.2,69.82,8.353,1.8,0.6,1.3,39.43,0.01796,16.99,9.526,40,26.36,24.55,13.47,76.29,110,59.47,26.67,0.4294,0.8366,0.8577,0.7294,0.9642,0.219,0.374,0.7728,0.1017,534.4,800,86.47,0.288
7,child5,child,7.2047,5.000,1.000,4.000,3.000,-3.000,-89.167,0.579,252.000,3.413,13.400,1600,2600,82.93,83.12,8.318,1.63,0.6,1.116,54.62,0.01216,12.25,9.606,38.42,20.5,27.87,12.96,71.46,109.8,68.43,26.07,0.3806,0.7214,0.7665,0.7647,0.8419,0.1984,0.4464,0.7788,0.112,531.2,748,81.53,0.2443
7,child6,child,15.9777,3.000,0.000,3.000,24.000,6.000,34.400,0.749,559.000,4.433,12.517,1395,2058,120.1,90.29,7.936,1.8,0.6,1.114,46.82,0.01729,14.39,10.57,40,29.35,23.47,12.79,55.35,100.8,65.96,23,0.4233,0.7741,0.7,0.7047,0.9285,0.2246,0.3797,0.8221,0.09692,617.2,733,93.41,0.2277
7,child7,child,-21.2301,1.000,3.000,-2.000,-9.000,-9.000,-166.000,-0.534,280.000,3.633,21.800,1259,2241,104.8,75.63,10.26,1.382,0.6174,1.022,50.76,0.01628,12.83,9.788,40,26.3,22.47,15.31,66.16,103.5,50.61,22.95,0.4738,0.893,0.7,0.7796,0.8867,0.1894,0.4022,0.7071,0.1032,518.2,800,106.3,0.2609
8,parent,parent,11.7134,3.000,0.000,3.000,21.000,2.000,-9.383,1.252,688.000,4.033,13.417,1600,1927,101.2,69.82,8.353,1.8,0.6,1.3,39.43,0.01796,16.99,9.526,40,26.36,24.55,13.47,76.29,110,59.47,26.67,0.4294,0.8366,0.8577,0.7294,0.9642,0.219,0.374,0.7728,0.1017,534.4,800,86.47,0.288
8,child0,child,12.7726,5.000,0.000,5.000,6.000,-1.000,-134.617,1.158,134.000,2.740,13.000,1600,1714,118.4,83.45,10.26,1.8,0.6797,1.3,36.15,0.01754,17.06,9.679,40,27.03,25.5,15.62,71.98,86.22,62.62,23.72,0.3634,0.8768,0.8246,0.5943,0.8841,0.1888,0.3506,0.6754,0.0856,502.9,800,88.35,0.3099
8,child1,child,0.8321,4.000,1.000,3.000,1.000,-3.000,-61.800,0.086,403.000,3.967,24.483,1600,1884,99.59,67.53,7.046,1.523,0.6,1.3,49.59,0.01588,16.25,10.07,38.09,24.8,24.24,12.7,75.46,97.11,58.24,26.89,0.38,0.9,0.839,0.8,1,0.2518,0.4019,0.8499,0.09196,530.4,695.3,96.14,0.2902
8,child2,child,22.6010,6.000,0.000,6.000,23.000,3.000,7.783,0.860,622.000,4.647,14.000,1527,1889,103.1,61.58,7.839,1.53,0.6,1.3,45.67,0.01858,16.08,8.702,40,25.36,24.72,14.82,67.46,110,46.71,25.98,0.3602,0.792,0.9891,0.8,0.8,0.1882,0.4382,0.7287,0.08146,557.8,704.3,103.5,0.301
8,child3,child,11.5517,5.000,0.000,5.000,10.000,1.000,-74.567,0.456,217.000,3.233,48.917,1562,1901,99.35,68.45,7.035,1.726,0.6183,1.3,45.26,0.01799,17.61,11,36.82,29.1,25.91,16.2,71.8,110,61.77,26.47,0.3505,0.6896,1,0.7393,0.9468,0.2255,0.3393,0.776,0.07871,511.9,695.2,77.68,0.3446
8,child4,child,17.5247,4.000,1.000,3.000,34.000,5.000,69.433,0.767,933.000,6.027,13.150,1600,2431,93.3,66.27,7.547,1.8,0.6,1.3,43.64,0.01718,17.35,9.783,31.7,25.58,25.32,11.36,58.92,103.2,53.73,30,0.4551,0.9,0.8638,0.6443,0.9246,0.2423,0.4314,0.7007,0.1153,535.1,800,81.73,0.2866
8,child5,child,9.7644,3.000,0.000,3.000,18.000,1.000,7.067,0.530,714.000,4.733,12.283,1600,1943,81.76,64.44,7.411,1.8,0.6,1.248,41.09,0.01984,20.58,9.837,40,26.43,19.98,12.44,79.49,110,57.09,20.76,0.3798,0.775,1,0.7412,0.9132,0.2028,0.3742,0.6886,0.1246,688.4,800,83.21,0.2336
8,child6,child,32.3407,7.000,0.000,7.000,32.000,11.000,79.333,0.526,687.000,5.440,12.950,1600,2225,122.1,88.78,9.347,1.8,0.6645,1.221,37.66,0.02045,21.04,9.931,34.89,23.98,27.35,14.62,77.63,110,57.31,22.86,0.4018,0.7697,0.8752,0.8,0.9104,0.2201,0.3978,0.85,0.1076,584.6,800,105.5,0.3117
8,child7,child,-2.8809,3.000,0.000,3.000,-1.000,-5.000,-209.550,0.532,133.000,1.807,49.450,1600,2026,103.4,73.53,8.906,1.573,0.6,1.3,33.24,0.0201,17.61,7.855,38.14,30.67,23.38,10.68,82.43,110,52.81,23.77,0.3865,0.9,0.7974,0.7764,1,0.2128,0.4288,0.7151,0.1242,510.1,794.6,88.43,0.299
9,parent,parent,22.9414,6.000,0.000,6.000,22.000,9.000,-27.067,0.982,560.000,4.580,17.500,1600,2225,122.1,88.78,9.347,1.8,0.6645,1.221,37.66,0.02045,21.04,9.931,34.89,23.98,27.35,14.62,77.63,110,57.31,22.86,0.4018,0.7697,0.8752,0.8,0.9104,0.2201,0.3978,0.85,0.1076,584.6,800,105.5,0.3117
9,child0,child,8.4123,3.000,0.000,3.000,9.000,1.000,-43.167,0.513,311.000,2.793,12.917,1600,2521,145.1,92.82,10.67,1.775,0.6847,1.3,29.68,0.01967,22.94,9.847,40,23.25,26.22,13.31,79.91,88.69,55.94,22.33,0.3788,0.7255,0.8307,0.626,0.885,0.2222,0.4435,0.7887,0.104,674.2,751.4,111.8,0.3537
9,child1,child,12.5676,3.000,0.000,3.000,12.000,4.000,59.883,-0.320,272.000,2.587,12.917,1395,2320,119.2,97.23,10.65,1.693,0.6207,1.3,40.57,0.02157,25.72,9.147,38.27,22.3,29.88,17.11,85.13,110,63.87,23.91,0.4891,0.6481,0.939,0.7285,0.8,0.2327,0.3089,0.85,0.09677,569.6,800,102.1,0.3513
9,child2,child,2.0588,2.000,0.000,2.000,-1.000,0.000,-35.733,-0.002,59.000,1.387,19.967,1600,2439,130.9,95.2,9.522,1.8,0.7445,1.3,39.08,0.01557,25.46,9.406,30.65,23.44,29.91,11.79,79.64,108.5,67.19,20.36,0.4227,0.6646,0.8628,0.8,0.9544,0.2025,0.3468,0.8018,0.1071,693.1,655.8,120,0.2323
9,child3,child,12.2836,4.000,0.000,4.000,10.000,2.000,-19.850,1.016,355.000,3.327,13.450,1533,1952,120.4,85.97,9.238,1.487,0.6,1.191,43.27,0.01659,19.06,9.354,29.96,26.56,28.99,14.17,93.7,110,59.03,19.19,0.5121,0.8075,1,0.8,0.8455,0.2181,0.4204,0.8413,0.09149,547.5,800,85.81,0.3893
9,child4,child,14.7340,6.000,0.000,6.000,13.000,3.000,-54.950,0.636,440.000,4.133,47.717,1600,2442,122.6,87.66,9.268,1.8,0.6807,1.3,37.52,0.02208,24.11,9.593,34.16,26.84,30,15.46,83.07,100.4,47.36,21.92,0.4022,0.7923,0.7849,0.703,0.9606,0.199,0.4058,0.85,0.09699,516.3,800,93.73,0.2784
9,child5,child,15.1093,4.000,0.000,4.000,17.000,3.000,-24.700,0.573,409.000,3.567,13.367,1476,2556,115,86.81,9.275,1.8,0.7284,1.3,28.92,0.01948,20.79,10.29,32.33,23.66,24.26,16.32,80.85,104.6,61.88,25.83,0.4753,0.7377,0.8624,0.6751,1,0.2056,0.421,0.8184,0.116,513.2,800,104.6,0.3272
9,child6,child,20.7393,6.000,0.000,6.000,13.000,4.000,0.833,1.066,331.000,4.153,13.850,1600,2273,113.3,78.13,9.26,1.779,0.6,1.3,41.83,0.02105,23.05,9.846,32.01,29.14,24.6,13.66,86.47,110,53.51,23.71,0.4192,0.7679,0.7,0.7793,1,0.2082,0.353,0.85,0.09855,608.8,800,97.21,0.2524
9,child7,child,11.5768,4.000,0.000,4.000,12.000,1.000,-48.067,0.516,406.000,3.780,14.817,1520,2401,113.4,80.12,9.727,1.8,0.6337,1.132,38.49,0.02122,17.01,10.62,38.07,23.84,29.6,14.49,82.48,101.8,58.8,30,0.35,0.8313,0.847,0.7623,0.8,0.2306,0.4599,0.85,0.1071,517.2,780.5,84.65,0.3436
10,parent,parent,11.6500,4.000,0.000,4.000,5.000,3.000,-34.083,0.655,157.000,2.293,12.967,1600,2225,122.1,88.78,9.347,1.8,0.6645,1.221,37.66,0.02045,21.04,9.931,34.89,23.98,27.35,14.62,77.63,110,57.31,22.86,0.4018,0.7697,0.8752,0.8,0.9104,0.2201,0.3978,0.85,0.1076,584.6,800,105.5,0.3117
10,child0,child,8.4318,2.000,0.000,2.000,15.000,3.000,30.017,0.058,473.000,3.573,12.100,1600,2044,135.2,94.53,8.878,1.613,0.8261,1.3,45.99,0.02146,25.65,10.19,40,20,29.85,17.76,64.7,110,51.85,25.69,0.3912,0.7312,1,0.8,1,0.1864,0.403,0.85,0.1184,592.8,709.8,88.39,0.3328
10,child1,child,-4.6646,2.000,1.000,1.000,9.000,0.000,-85.383,0.062,652.000,4.127,35.550,1410,2137,132.1,91.38,11.14,1.563,0.6586,1.145,33.86,0.0208,23.13,9.788,37.77,23.59,30,12.19,83.06,96.02,64.49,26.73,0.3562,0.8262,0.8841,0.6961,0.8908,0.201,0.4193,0.7804,0.09243,590.6,794.6,90.76,0.3227
10,child2,child,15.6157,3.000,0.000,3.000,25.000,4.000,10.417,0.753,551.000,4.173,13.417,1600,2020,128.8,90.75,9.728,1.416,0.6,1.3,42.57,0.02339,18.2,8.734,34.19,25.45,22.88,14.8,76.91,103.7,58.31,20.18,0.35,0.757,0.9107,0.7407,0.9153,0.2045,0.3962,0.7697,0.1223,489.2,800,110.3,0.3353
10,child3,child,-0.9034,3.000,2.000,1.000,0.000,1.000,17.967,-0.078,280.000,3.340,12.900,1600,2298,118.8,90.54,10.98,1.716,0.6961,1.3,33.22,0.01876,21.91,12.36,35.27,23.78,25.72,16.38,67.88,110,69.57,22.02,0.35,0.9,0.8862,0.6267,0.981,0.1837,0.4526,0.8058,0.115,506.6,618.9,94.76,0.3478
10,child4,child,6.1870,3.000,0.000,3.000,3.000,-2.000,-100.667,1.462,115.000,1.873,12.933,1563,2159,100.6,91.23,8.43,1.8,0.6,1.214,33.13,0.01847,21.82,11.32,32.42,23.01,29.39,13.78,77.16,107.6,60.4,20.82,0.4419,0.6373,0.9632,0.7779,0.8913,0.2657,0.4093,0.85,0.09794,695.5,800,98.46,0.3009
10,child5,child,-9.8206,0.000,1.000,-1.000,-1.000,-2.000,-17.800,-0.030,295.000,3.147,22.850,1600,2111,133,109.4,10.03,1.717,0.7619,1.025,35.41,0.02323,19.69,10.08,31.93,22.38,28.74,12.21,78.6,110,49.18,28.36,0.4953,0.6922,0.9153,0.7026,0.9391,0.2079,0.4301,0.8198,0.1321,633.7,776.4,105.8,0.3346
10,child6,child,6.5470,5.000,0.000,5.000,1.000,-2.000,-88.883,0.655,468.000,3.993,20.233,1600,2328,123.5,75.47,11.41,1.576,0.7009,1.205,38.83,0.02102,21.03,8.742,35.71,24.37,30,12.64,69.87,94.98,53.55,20.4,0.4051,0.7692,0.9237,0.7126,0.9607,0.2411,0.3991,0.7286,0.117,617.8,800,96.95,0.2863
10,child7,child,4.7400,3.000,0.000,3.000,-2.000,3.000,-36.117,0.501,207.000,2.467,10.717,1600,2194,97.28,107.3,9.307,1.703,0.7686,1.182,36.67,0.01877,24.15,9.224,37.03,20,29.97,15.96,64.46,110,49.68,20.33,0.35,0.7189,0.7684,0.8,0.8397,0.2994,0.5021,0.7679,0.1262,719.6,756.4,119.1,0.3382
11,parent,parent,5.7139,3.000,0.000,3.000,7.000,-1.000,-140.500,1.116,253.000,2.473,15.567,1600,2020,128.8,90.75,9.728,1.416,0.6,1.3,42.57,0.02339,18.2,8.734,34.19,25.45,22.88,14.8,76.91,103.7,58.31,20.18,0.35,0.757,0.9107,0.7407,0.9153,0.2045,0.3962,0.7697,0.1223,489.2,800,110.3,0.3353
11,child0,child,4.6881,1.000,0.000,1.000,11.000,6.000,-1.667,0.009,385.000,3.113,8.217,1600,2387,107.4,107,9.423,1.328,0.7594,1.3,42.58,0.0209,18.59,10.51,36.45,28.6,19.87,13.73,70.97,110,74.29,18.45,0.3544,0.7379,0.8591,0.8,0.9245,0.2065,0.3472,0.85,0.1373,603.6,800,85.12,0.3073
11,child1,child,-6.9232,1.000,1.000,0.000,-1.000,-2.000,-111.600,0.200,233.000,2.960,12.650,1428,1998,123.4,66.6,9.045,1.235,0.6783,1.3,36.64,0.02239,17.38,7.601,38.65,21.85,19.68,14.55,62.49,110,47.02,17.04,0.3687,0.7769,0.8202,0.636,0.8397,0.1957,0.4114,0.8004,0.1178,527.4,740.4,85.7,0.4362
11,child2,child,18.5118,3.000,0.000,3.000,32.000,9.000,98.017,0.322,792.000,5.847,19.050,1332,1963,103.9,93.9,9.04,1.607,0.6415,1.093,45.08,0.02273,16.52,8.568,33.95,20.08,24.61,19.21,75.45,101.2,54.34,19.66,0.3767,0.7779,0.873,0.7165,1,0.1971,0.4048,0.6319,0.1235,545.4,800,105.5,0.3268
11,child3,child,9.6319,4.000,0.000,4.000,6.000,1.000,-3.300,0.828,348.000,4.013,20.350,1600,2001,101.2,87.54,11.92,1.194,0.6,1.152,41.71,0.02532,18.06,8.389,37.59,26.5,25.23,12.46,92.81,105.8,61.44,16.91,0.35,0.6912,0.7249,0.7811,0.8144,0.1593,0.4008,0.85,0.09502,480.3,778.6,99.95,0.3345
11,child4,child,-16.1843,1.000,0.000,1.000,-2.000,-2.000,-119.367,-0.699,224.000,2.740,125.333,1541,2208,146,86.29,10.9,1.273,0.6,1.025,36.35,0.02216,14.05,7.961,35.03,27.44,22.18,14.19,71.56,110,62.21,21.67,0.35,0.7431,0.8504,0.6884,0.9253,0.2037,0.4625,0.7813,0.1357,457.3,800,90.44,0.4142
11,child5,child,1.9549,2.000,1.000,1.000,3.000,0.000,46.100,-0.350,180.000,2.440,12.483,1463,2226,147.6,89.36,8.538,1.602,0.6,1.261,39.96,0.02068,21.08,6.99,38.3,33.24,17.85,11.26,64.82,101.3,53.72,16.75,0.35,0.6908,1,0.6662,0.9731,0.2252,0.3926,0.85,0.1367,482.6,733.3,108,0.3552
11,child6,child,15.1920,4.000,0.000,4.000,7.000,8.000,58.317,0.264,161.000,3.013,12.950,1295,2442,139.9,95,9.571,1.716,0.6,1.293,43.02,0.02455,15.29,9.629,32.38,25.23,23.3,11.65,73.9,110,54.05,23.1,0.35,0.7175,1,0.7335,0.8696,0.2448,0.3386,0.776,0.1356,569,743.4,116.2,0.3359
11,child7,child,19.8713,6.000,0.000,6.000,13.000,5.000,1.633,0.929,430.000,4.840,13.417,1600,1939,127,89.77,10.36,1.289,0.6,1.2,46.18,0.01858,19.2,10.28,35.82,30.79,25.88,13.35,86.98,99.83,59.81,17.47,0.4084,0.7289,0.9087,0.738,0.8909,0.2317,0.286,0.8468,0.1168,486.6,656.9,103.5,0.3734
12,parent,parent,-8.6244,2.000,1.000,1.000,-3.000,-5.000,-153.583,-0.086,140.000,2.467,43.633,1600,1939,127,89.77,10.36,1.289,0.6,1.2,46.18,0.01858,19.2,10.28,35.82,30.79,25.88,13.35,86.98,99.83,59.81,17.47,0.4084,0.7289,0.9087,0.738,0.8909,0.2317,0.286,0.8468,0.1168,486.6,656.9,103.5,0.3734
12,child0,child,-11.1288,3.000,1.000,2.000,-13.000,-13.000,-141.967,-0.166,335.000,4.633,12.933,1600,2046,107.6,66.05,13.63,1.425,0.6121,1.109,45.09,0.02301,18.07,9.881,35.31,31.07,23.06,10.69,78.38,110,79.75,15.44,0.48,0.6243,0.8204,0.7471,0.8,0.2127,0.3294,0.85,0.1174,559,749.5,120,0.422
12,child1,child,3.5766,3.000,0.000,3.000,6.000,1.000,40.100,1.275,200.000,2.147,78.483,1600,1950,121.3,95.32,9.484,1.407,0.6287,1.194,46.13,0.01528,20.43,9.304,38.12,32.76,30,10.88,98.91,103.1,54.68,18.39,0.35,0.6925,1,0.6869,0.8813,0.2166,0.2605,0.8412,0.1243,376.5,732.4,84.15,0.3585
12,child2,child,2.9794,3.000,1.000,2.000,7.000,-1.000,-93.267,0.467,309.000,2.987,13.000,1545,1921,140,96.31,12.17,1.282,0.6,1.289,42.5,0.02148,16.54,12.49,34.86,31.59,24.72,14.48,71.77,88.89,59.01,15.85,0.4199,0.6668,0.8527,0.5669,0.9096,0.3115,0.2891,0.8468,0.1569,516.7,704.5,91.33,0.396
12,child3,child,25.8439,7.000,0.000,7.000,18.000,5.000,0.617,0.923,362.000,4.900,15.200,1600,2153,114.8,86.67,9.207,1.282,0.6,1.115,37.32,0.01734,18.51,12.4,32.91,25.64,27.31,12.45,72.69,98.26,66.1,20.51,0.4604,0.7866,0.983,0.7695,0.9934,0.1807,0.3114,0.85,0.1205,565.9,780.3,101.5,0.3803
12,child4,child,-7.2866,1.000,0.000,1.000,-5.000,-4.000,-116.483,0.511,360.000,3.207,9.917,1600,2140,135.6,81.64,11.09,1.162,0.6747,1.272,60,0.01913,18.18,7.718,36.39,32.86,24.54,14.49,89.8,106.2,58.29,18.46,0.3893,0.7176,0.8211,0.6855,0.9857,0.1876,0.3024,0.85,0.117,568.7,510.5,99.61,0.3064
12,child5,child,-1.3179,3.000,0.000,3.000,-1.000,-3.000,-181.317,0.388,60.000,1.740,50.117,1579,1889,124.3,91.35,10.96,1.577,0.6965,1.14,40.66,0.0205,20.42,9.637,40,32.12,26.25,13.56,100,95.7,58.64,17.73,0.3715,0.728,0.8708,0.7279,0.8907,0.239,0.3135,0.85,0.1161,516.8,634.8,110.6,0.3675
12,child6,child,-2.2802,1.000,0.000,1.000,0.000,-1.000,-47.017,-0.069,242.000,2.553,14.300,1600,1769,127.5,90.64,8.928,0.9443,0.6417,1.102,57.76,0.01674,23.2,9.566,36.02,26.75,28.39,14.06,100,105,59.21,18.47,0.3984,0.6677,0.8604,0.5817,0.9091,0.2212,0.2841,0.7067,0.1229,567.8,582.8,120,0.356
12,child7,child,7.5380,7.000,2.000,5.000,0.000,1.000,-3.517,0.715,539.000,5.893,19.700,1320,2352,132.7,78.77,9.173,1.457,0.6,1.297,45,0.01945,19.66,12.55,32.46,32.26,25.17,11.89,93.62,93.15,59.94,17.36,0.3658,0.6659,0.9272,0.7543,0.9159,0.2579,0.2614,0.7905,0.08503,540.2,612.4,108.4,0.3844
13,parent,parent,20.9551,5.000,0.000,5.000,22.000,8.000,58.583,1.140,514.000,4.547,27.917,1600,2153,114.8,86.67,9.207,1.282,0.6,1.115,37.32,0.01734,18.51,12.4,32.91,25.64,27.31,12.45,72.69,98.26,66.1,20.51,0.4604,0.7866,0.983,0.7695,0.9934,0.1807,0.3114,0.85,0.1205,565.9,780.3,101.5,0.3803
13,child0,child,2.0529,1.000,0.000,1.000,0.000,3.000,34.333,0.630,140.000,1.920,9.567,1600,2283,96.09,75.14,8.116,1.153,0.6002,1.104,35.93,0.0178,24.49,13.18,28.31,27.51,30,10.91,60.62,103.9,62.48,20.62,0.4645,0.7067,1,0.8,0.8655,0.1611,0.277,0.7902,0.1211,608.2,664.9,120,0.4228
13,child1,child,-44.9908,0.000,0.000,0.000,0.000,0.000,0.000,0.018,0.000,0.000,450.000,1600,2256,120.7,82.88,11.26,1.223,0.6024,0.9449,32.12,0.01707,17.26,11.07,40,22.77,22.02,13.59,88.32,88.04,80,18.58,0.5214,0.8348,0.9951,0.8,0.9828,0.1863,0.2897,0.7055,0.1216,521,738.3,98.4,0.4343
13,child2,child,1.8833,2.000,0.000,2.000,7.000,-5.000,-121.983,0.638,306.000,2.693,11.667,1486,2400,109.9,84.54,11.32,1.123,0.6,1.275,41.1,0.01579,18.22,12.27,36.93,28.24,25.35,14.49,80.24,110,60.05,20.04,0.449,0.7735,1,0.7764,1,0.2009,0.3168,0.85,0.1166,577.6,744.5,95.38,0.3556
13,child3,child,-2.4390,1.000,0.000,1.000,3.000,2.000,26.950,0.861,170.000,2.753,63.333,1600,2262,131.8,82.96,11.73,1.18,0.6,1.214,44.14,0.01895,17.17,12.6,38.56,27.98,24.38,11.56,70.65,110,49.02,18.26,0.4417,0.7573,1,0.6935,1,0.1704,0.3452,0.812,0.1148,557.3,674.6,97.39,0.343
13,child4,child,-1.7609,1.000,0.000,1.000,0.000,-4.000,-45.967,0.482,208.000,2.360,9.667,1483,2011,120.4,68.16,9.973,1.395,0.6607,1.218,37.92,0.01879,23.88,12.29,26.75,23.22,24.3,10.8,67.18,102.1,52.35,19.41,0.4787,0.7171,1,0.6499,0.8326,0.1386,0.2737,0.7448,0.1241,525.7,786,117.7,0.414
13,child5,child,12.1086,6.000,1.000,5.000,4.000,2.000,-56.750,0.693,274.000,4.180,13.450,1588,2246,109.9,81.76,10.15,1.26,0.6,1.14,39.18,0.01866,16.97,10.68,29.42,27.54,30,11.62,62.99,110,80,18.15,0.386,0.523,0.9344,0.7443,1,0.1839,0.3175,0.6343,0.1108,599,783.4,119,0.4503
13,child6,child,1.4779,4.000,0.000,4.000,-2.000,-1.000,-141.850,0.269,197.000,3.013,43.483,1445,2151,102.4,74.42,9.387,1.261,0.6026,1.182,36.98,0.018,22.21,11.08,40,22.77,25.23,12.18,57.45,98.9,55.22,19.55,0.4298,0.6992,0.7677,0.8,0.8457,0.1953,0.3213,0.85,0.1254,540.5,660,99.42,0.3228
13,child7,child,-44.9936,0.000,0.000,0.000,0.000,0.000,0.000,0.013,0.000,0.000,450.000,1600,2213,110.9,73.19,10.02,1.14,0.7151,1.179,40.71,0.01995,21.82,12.05,35.15,24.55,27.27,11.43,80.25,80.74,67.72,17.32,0.4447,0.8159,0.8992,0.7331,1,0.1611,0.3403,0.763,0.1199,527,760.3,85.86,0.3556
14,parent,parent,2.3972,3.000,0.000,3.000,1.000,-6.000,-98.100,0.796,300.000,3.187,10.200,1600,2153,114.8,86.67,9.207,1.282,0.6,1.115,37.32,0.01734,18.51,12.4,32.91,25.64,27.31,12.45,72.69,98.26,66.1,20.51,0.4604,0.7866,0.983,0.7695,0.9934,0.1807,0.3114,0.85,0.1205,565.9,780.3,101.5,0.3803
14,child0,child,5.1891,2.000,0.000,2.000,14.000,-1.000,-101.550,0.689,448.000,3.360,11.083,1461,2370,105.1,85.49,12.03,1.122,0.6199,1.3,33.24,0.02147,16.32,11.9,37.29,26.99,26.68,10.68,69.84,103.1,65.4,15.45,0.3598,0.7183,0.9695,0.8,1,0.2228,0.2913,0.85,0.1082,498.1,800,108,0.398
14,child1,child,10.0233,3.000,0.000,3.000,5.000,4.000,9.267,0.182,106.000,1.780,13.150,1600,2341,97.8,83.78,9.253,1.565,0.6,1.3,33.45,0.01529,17.57,12.26,33.64,29.81,22.73,12.35,60.79,110,65.52,25.76,0.5003,0.7588,1,0.8,0.9604,0.1743,0.3403,0.85,0.1046,464,800,98.19,0.4074
14,child2,child,8.4768,3.000,0.000,3.000,8.000,0.000,-85.450,0.942,176.000,2.320,12.933,1385,1779,137.2,99.87,8.642,1.249,0.619,1.104,30.92,0.01791,19.28,11.63,28.98,25.77,30,11.61,80.92,88.41,63.52,26.66,0.44,0.7408,0.7915,0.7284,1,0.1783,0.2625,0.85,0.1392,643.2,658,95.68,0.3631
14,child3,child,8.6168,3.000,0.000,3.000,5.000,2.000,-2.100,0.226,200.000,2.340,11.200,1600,1953,132.1,81.34,8.889,1.26,0.6,1.3,28.25,0.01654,21.43,10.97,30,25.48,30,10.07,65.24,100.2,71.18,17.81,0.4674,0.8637,0.9276,0.8,0.9008,0.1628,0.3343,0.7797,0.144,439.2,703.9,93.37,0.3449
14,child4,child,6.8437,2.000,0.000,2.000,10.000,2.000,-52.367,0.910,251.000,2.740,11.800,1600,1995,119.5,106.5,9.916,1.42,0.7641,1.125,31.07,0.02103,22.62,11.4,38.38,25.17,22.82,12.2,66.01,96.62,73.1,19.95,0.4267,0.8358,0.9715,0.8,0.8622,0.1759,0.3609,0.85,0.1211,564.4,800,116.2,0.4399
14,child5,child,-8.8460,0.000,0.000,0.000,-5.000,-3.000,-122.433,0.191,199.000,2.347,11.683,1327,2234,106,85.67,8.028,1.229,0.7626,0.9187,32.78,0.01525,17.64,12.66,37.66,21.71,24.7,12.45,80.28,99.4,64.2,20.06,0.3945,0.7511,0.9682,0.8,1,0.1651,0.3431,0.85,0.1266,532.2,665.6,103.9,0.4226
14,child6,child,-44.9913,0.000,0.000,0.000,0.000,0.000,0.000,0.017,0.000,0.000,450.000,1600,1798,117.5,84.78,9.22,1.285,0.7488,1.038,35.05,0.01894,23.02,13.22,40,21.44,26.42,12.09,70.66,70.23,69.78,21.65,0.4253,0.8243,1,0.8,1,0.1868,0.3424,0.85,0.101,575.4,796.8,87.01,0.3652
14,child7,child,-44.9908,0.000,0.000,0.000,0.000,0.000,0.000,0.018,0.000,0.000,450.000,1600,2039,115.3,86.69,8.77,1.168,0.6,1.147,38.58,0.01608,16.44,11.89,35.84,31.16,30,12.45,63.97,86.06,80,23.55,0.5001,0.8261,0.8236,0.754,1,0.1784,0.3497,0.85,0.1014,501.7,709,117.4,0.3645
15,parent,parent,12.6239,3.000,0.000,3.000,12.000,5.000,54.633,0.140,292.000,2.387,13.800,1600,2341,97.8,83.78,9.253,1.565,0.6,1.3,33.45,0.01529,17.57,12.26,33.64,29.81,22.73,12.35,60.79,110,65.52,25.76,0.5003,0.7588,1,0.8,0.9604,0.1743,0.3403,0.85,0.1046,464,800,98.19,0.4074
15,child0,child,-10.2081,1.000,1.000,0.000,-1.000,-1.000,16.067,0.774,116.000,1.447,89.117,1373,2079,92.15,98.55,9.181,1.269,0.6,1.3,35.67,0.01266,17.49,11.41,36.01,28.26,23.45,12.27,65.29,108.5,70.16,27.48,0.4466,0.5957,0.9523,0.8,1,0.1737,0.2773,0.7771,0.1243,547.2,800,96.46,0.4407
15,child1,child,-0.1731,2.000,1.000,1.000,2.000,0.000,-98.067,0.146,97.000,1.867,11.283,1559,2120,79.64,72.44,9.434,1.8,0.6,1.3,32.97,0.01769,17.74,9.967,33.23,30.02,24.49,12.04,48.74,106.8,59.76,27.75,0.4206,0.6729,0.9988,0.8,0.9496,0.149,0.3828,0.85,0.1155,523.4,800,120,0.4552
15,child2,child,7.1943,3.000,0.000,3.000,2.000,0.000,-34.183,0.327,96.000,1.853,11.400,1419,2272,112.4,90.5,8.154,1.522,0.602,1.3,37.49,0.01487,15.32,11.78,34.31,23.08,24.74,13.24,47.56,107.8,62.89,23.54,0.4873,0.733,0.8888,0.7054,1,0.1831,0.267,0.7982,0.1023,472.7,793.5,120,0.3741
15,child3,child,-1.6374,1.000,0.000,1.000,1.000,3.000,-11.050,-0.921,95.000,1.127,39.933,1600,2460,115.9,95.53,8.181,1.655,0.6,1.278,38.86,0.01417,15.41,11.02,39.2,30.95,23.63,11.53,62.94,110,77.95,25.51,0.4809,0.7978,1,0.7232,0.8,0.1869,0.3251,0.85,0.1025,398,800,102.9,0.3986
15,child4,child,4.2514,2.000,0.000,2.000,2.000,0.000,-26.483,0.386,112.000,1.653,11.267,1600,2196,89.05,91.56,8.245,1.25,0.6,1.3,29.01,0.0154,16.7,10.53,33.53,31.22,17.64,11.14,67.66,110,79.72,23.17,0.5552,0.7977,0.9019,0.737,1,0.2187,0.3065,0.7183,0.1072,443,635.1,97.4,0.4039
15,child5,child,-5.6974,5.000,3.000,2.000,-6.000,-6.000,-109.750,0.121,351.000,4.713,13.817,1600,2083,94.57,63.68,9.301,1.531,0.6,1.3,29.58,0.01852,17.08,11.83,31.67,27.37,22.03,13.15,57.8,110,76.28,21.55,0.6518,0.812,1,0.7062,1,0.1833,0.3381,0.85,0.119,586.7,800,112.9,0.4699
15,child6,child,0.9087,2.000,1.000,1.000,1.000,1.000,-25.817,0.050,86.000,1.667,12.733,1519,2600,103,97.29,8.771,1.274,0.7332,1.248,33.43,0.0153,17.54,12.84,33.35,31.65,22.68,11.33,63.93,92.91,64.17,18.66,0.5738,0.6771,1,0.8,1,0.1691,0.3527,0.85,0.09425,478.2,733.7,84.51,0.3493
15,child7,child,14.5929,6.000,1.000,5.000,10.000,3.000,-83.967,0.878,305.000,3.787,13.383,1600,2600,126.3,74.45,8.026,1.515,0.6442,1.3,33.69,0.01783,16.65,11.84,30.4,27.62,21.49,13.44,53.48,101.4,58.76,26.76,0.3914,0.8253,1,0.8,1,0.1964,0.3744,0.8352,0.09595,398.1,710.2,83.7,0.4697
16,parent,parent,29.1839,8.000,0.000,8.000,16.000,7.000,16.167,1.166,337.000,4.593,12.933,1600,2600,126.3,74.45,8.026,1.515,0.6442,1.3,33.69,0.01783,16.65,11.84,30.4,27.62,21.49,13.44,53.48,101.4,58.76,26.76,0.3914,0.8253,1,0.8,1,0.1964,0.3744,0.8352,0.09595,398.1,710.2,83.7,0.4697
16,child0,child,-7.7793,1.000,1.000,0.000,1.000,2.000,83.083,0.501,137.000,1.780,90.433,1532,2600,135.6,80.15,5.865,1.751,0.6812,1.3,33.81,0.01853,15.01,13.65,27.52,29.81,19.37,13.15,58.45,103.8,43.21,22.8,0.4551,0.9,1,0.8,0.9819,0.1476,0.4402,0.6788,0.09094,441.5,625.2,72.81,0.4357
16,child1,child,13.1167,6.000,1.000,5.000,5.000,3.000,18.850,1.189,416.000,4.533,13.417,1536,2054,89.37,74.71,6.644,1.367,0.6308,1.077,34.54,0.01648,14.85,12.59,32.33,30.16,23.11,13.24,47.74,108,60.24,29.78,0.35,0.8585,1,0.8,1,0.2109,0.3971,0.7998,0.1081,449.7,570.1,84.39,0.471
16,child2,child,16.3672,7.000,1.000,6.000,6.000,2.000,-75.617,1.045,232.000,4.047,13.183,1546,2600,128.4,70.65,9.52,1.535,0.6,1.294,42.74,0.01581,15.79,12.78,31.1,32.42,19.09,19.2,47.34,108.4,66.96,20.66,0.35,0.7798,0.8668,0.7837,1,0.1826,0.3103,0.85,0.1155,410.2,592,72.47,0.5183
16,child3,child,-4.8482,2.000,0.000,2.000,0.000,0.000,-10.767,1.185,147.000,2.120,95.433,1513,2539,124.3,84.84,9.112,1.8,0.6704,1.3,31.46,0.02065,16.15,11.92,30.43,27.67,17.97,12.72,62.11,83.42,52.3,29.31,0.35,0.7757,1,0.8,0.8226,0.1837,0.3285,0.7647,0.09323,408.3,719.5,91.42,0.4377
16,child4,child,-9.0523,1.000,0.000,1.000,0.000,-1.000,42.883,1.508,65.000,1.073,127.067,1498,2299,121.2,72.92,8.394,1.304,0.6,1.3,39.39,0.01683,15.14,11.65,29.41,31.19,19.04,12.51,45.35,110,57.88,30,0.3936,0.8561,1,0.6809,1,0.2022,0.405,0.662,0.1087,428.6,615,85.62,0.4815
16,child5,child,2.9364,3.000,0.000,3.000,1.000,2.000,26.750,1.122,400.000,3.493,37.100,1476,2600,115,67.02,6.658,1.63,0.6002,1.256,36.65,0.01681,15.47,12.12,25.08,28.12,20.04,14.33,50.57,103.6,47.44,22.45,0.4358,0.8433,1,0.6938,0.8378,0.1789,0.2914,0.7539,0.08633,411.9,694.1,74.46,0.4479
16,child6,child,-0.8350,2.000,0.000,2.000,12.000,-2.000,-126.200,-0.070,439.000,2.827,52.033,1600,2600,147.9,66.81,8.112,1.151,0.8048,1.3,36.16,0.02055,15.96,9.539,28.57,28.26,22.04,13.08,45.12,110,63.12,24.51,0.3958,0.8499,0.9765,0.681,0.8,0.1836,0.3889,0.85,0.09036,442.9,652.7,79.24,0.4301
16,child7,child,2.2478,2.000,0.000,2.000,1.000,-1.000,-95.200,0.418,112.000,1.907,10.467,1600,2600,123.6,83.31,7.113,1.256,0.8003,1.266,36.04,0.0205,16.68,11.71,25.86,26.5,21.28,14.18,72.37,110,64.96,28.42,0.459,0.8041,0.9938,0.8,1,0.1827,0.4184,0.85,0.09566,441.2,759.5,90.95,0.3589
17,parent,parent,11.0081,5.000,0.000,5.000,8.000,-2.000,-108.333,0.864,330.000,3.720,21.850,1600,2600,126.3,74.45,8.026,1.515,0.6442,1.3,33.69,0.01783,16.65,11.84,30.4,27.62,21.49,13.44,53.48,101.4,58.76,26.76,0.3914,0.8253,1,0.8,1,0.1964,0.3744,0.8352,0.09595,398.1,710.2,83.7,0.4697
17,child0,child,12.6702,4.000,0.000,4.000,6.000,2.000,13.250,0.308,158.000,2.253,13.433,1350,2600,110.6,80.16,9.733,1.513,0.6596,1.3,34.18,0.01788,15.47,12.44,28.73,25.44,22.63,13.7,63.36,110,64.67,24.94,0.4527,0.8446,0.9533,0.8,0.9398,0.2158,0.3314,0.85,0.09671,308.8,800,71.7,0.4874
17,child1,child,8.0207,2.000,0.000,2.000,16.000,1.000,-57.100,0.432,367.000,2.967,12.867,1565,2535,144,70.42,10.49,1.616,0.7081,1.25,29.8,0.01564,19.78,14.67,29,30.54,21.28,14.55,52.6,107.4,54.45,26.03,0.4004,0.9,1,0.8,1,0.2269,0.4429,0.6879,0.09231,337.5,672.3,73.56,0.4523
17,child2,child,-8.0170,2.000,0.000,2.000,10.000,-3.000,-186.817,-0.520,432.000,2.873,98.133,1600,2367,138.6,67.39,8.097,1.182,0.7903,1.3,32.5,0.01853,16.31,11.65,34.56,21.76,20.58,14.78,57.03,95.21,51.15,26.47,0.35,0.7953,1,0.7441,0.9916,0.2046,0.3889,0.7337,0.09545,451,691.3,84.46,0.538
17,child3,child,-3.5209,2.000,1.000,1.000,1.000,-4.000,-174.583,0.823,144.000,2.207,14.800,1600,2377,122.3,67.35,6.58,1.627,0.6833,1.007,31.39,0.01622,14.43,12.12,33.97,27.99,18.97,14.43,47.54,105.2,58.41,30,0.3543,0.8499,1,0.8,1,0.1877,0.4175,0.7177,0.1054,363.7,786.2,77.83,0.5653
17,child4,child,-44.9908,0.000,0.000,0.000,0.000,0.000,0.000,0.018,0.000,0.000,450.000,1549,2441,138.3,70.46,7.175,1.646,0.6636,1.184,33.38,0.02251,15.31,12.34,31.91,31.37,20.22,16.03,54.44,89.07,69.78,30,0.3662,0.8463,1,0.8,0.9454,0.184,0.4923,0.7104,0.1017,456.6,602.3,78.24,0.5095
17,child5,child,23.9912,8.000,0.000,8.000,10.000,3.000,-27.683,1.184,390.000,4.520,12.950,1455,2600,118.5,78.51,8.515,1.631,0.6,1.232,36.22,0.01908,21.06,12.15,28.53,41.92,21.82,11.84,49.53,88.86,53.21,27.33,0.35,0.8265,0.9297,0.8,0.9976,0.1555,0.3677,0.8329,0.09228,426.5,674.9,69.39,0.4551
17,child6,child,12.2019,5.000,1.000,4.000,8.000,3.000,-3.617,0.662,258.000,4.333,16.433,1600,2600,158.1,75.6,7.263,1.325,0.6444,1.07,38.82,0.01673,17.63,14.21,35.7,27.59,22.45,10.54,45.31,108.7,58.74,27.13,0.35,0.9,1,0.7553,1,0.2216,0.3669,0.85,0.09649,395.2,602.3,78.27,0.5207
17,child7,child,-44.9927,0.000,0.000,0.000,0.000,0.000,0.000,0.015,0.000,0.000,450.000,1170,2600,113.8,72.32,6.765,1.473,0.6226,1.3,33.68,0.01486,14.1,10.82,40,26.97,22.79,10.61,60.04,80.1,60.28,24.27,0.4052,0.8116,0.8125,0.8,1,0.1899,0.3858,0.7189,0.09507,417.2,744.2,89.54,0.4712
18,parent,parent,13.9393,4.000,0.000,4.000,19.000,4.000,74.700,1.341,403.000,3.133,61.817,1455,2600,118.5,78.51,8.515,1.631,0.6,1.232,36.22,0.01908,21.06,12.15,28.53,41.92,21.82,11.84,49.53,88.86,53.21,27.33,0.35,0.8265,0.9297,0.8,0.9976,0.1555,0.3677,0.8329,0.09228,426.5,674.9,69.39,0.4551
18,child0,child,-16.5981,4.000,1.000,3.000,0.000,2.000,-143.033,0.071,334.000,3.447,194.883,1309,2600,142.9,92.24,8.538,1.513,0.6,1.3,44.11,0.02025,17.67,14.15,22.13,45.15,23.76,13.67,46.69,104.4,67.48,26.43,0.429,0.7561,0.9162,0.702,0.9388,0.1644,0.3011,0.85,0.09417,409.1,656.5,75.39,0.4939
18,child1,child,17.4028,5.000,0.000,5.000,10.000,5.000,-1.717,1.000,240.000,3.247,13.383,1438,2600,130.7,91.52,9.227,1.625,0.6,1.209,31.01,0.02139,21.7,10.45,29.48,41.48,20.26,15.25,56.14,92.21,51.79,27.18,0.35,0.8487,0.804,0.8,0.8158,0.179,0.3784,0.85,0.08592,408.3,685.2,73,0.4258
18,child2,child,8.1400,5.000,1.000,4.000,5.000,-1.000,-4.733,0.267,434.000,4.820,13.767,1513,2561,116.1,73.16,8.286,1.499,0.6,0.918,39.17,0.01779,22.75,14.69,33.46,37.54,20.57,13.69,42.8,103.8,51.15,29.3,0.4113,0.8367,0.8911,0.8,0.9594,0.1406,0.4395,0.7277,0.09735,446.5,631,77.05,0.3698
18,child3,child,10.2578,4.000,1.000,3.000,13.000,0.000,-20.933,0.568,338.000,3.873,13.400,1272,2600,98.39,75.43,10.32,1.483,0.6,0.9069,32.3,0.01581,18.7,13.9,32.41,43.28,21.38,13.65,39.71,110,46.64,30,0.35,0.695,0.9139,0.7858,0.9982,0.159,0.3615,0.8169,0.09534,377.9,677.5,71.78,0.4363
18,child4,child,-14.7783,1.000,3.000,-2.000,-3.000,-6.000,-95.000,-0.645,185.000,2.707,17.350,1515,2600,108.4,95.4,10.68,1.431,0.6,1.183,30.05,0.02095,21.35,11.2,33.73,48.21,28.6,12.08,56,100.6,56.95,30,0.3562,0.9,0.851,0.7945,0.8882,0.1613,0.4132,0.85,0.1015,369.5,525.2,64.48,0.4378
18,child5,child,-44.9944,0.000,0.000,0.000,0.000,0.000,0.000,0.011,0.000,0.000,450.000,1539,2600,134.6,80.89,8.762,1.763,0.6,1.165,27.36,0.02113,18.61,10.53,22.69,43.03,25.7,12.34,59.06,72.55,60.98,24.09,0.35,0.7487,1,0.7991,0.9225,0.132,0.2791,0.6767,0.09388,469.4,718,51.74,0.4056
18,child6,child,27.5124,8.000,0.000,8.000,13.000,6.000,-9.067,1.330,238.000,4.060,18.850,1580,2134,120.9,75.9,8.816,1.512,0.645,1.3,38.04,0.01641,19.66,11.61,30.74,45.74,26.23,10.25,52.68,83.43,56.78,28.79,0.35,0.7488,0.8804,0.6284,0.9375,0.1795,0.3504,0.7491,0.09087,386.5,539.9,60.89,0.4719
18,child7,child,25.7330,8.000,1.000,7.000,15.000,8.000,68.450,1.251,451.000,5.380,13.133,1600,2600,106.4,86.74,9.47,1.399,0.6,0.9918,31.83,0.01997,21.18,12.91,33.56,47.28,23.14,10.09,46.52,93.67,51.17,28.51,0.3525,0.737,0.9436,0.8,0.8859,0.1463,0.3897,0.6823,0.1086,455.5,668.7,56.53,0.6
19,parent,parent,24.0560,7.000,0.000,7.000,18.000,2.000,-36.233,0.999,421.000,4.153,14.933,1580,2134,120.9,75.9,8.816,1.512,0.645,1.3,38.04,0.01641,19.66,11.61,30.74,45.74,26.23,10.25,52.68,83.43,56.78,28.79,0.35,0.7488,0.8804,0.6284,0.9375,0.1795,0.3504,0.7491,0.09087,386.5,539.9,60.89,0.4719
19,child0,child,8.0076,3.000,1.000,2.000,11.000,2.000,64.600,0.589,408.000,2.973,11.017,1372,1736,97.05,72.48,8.461,1.294,0.7195,1.294,41.25,0.01432,18.32,12.09,26.32,39.12,27.2,10.23,47.9,81.86,47.42,29,0.3555,0.7514,0.8228,0.6902,1,0.1969,0.4179,0.7093,0.09244,366.3,475,55.58,0.4401
19,child1,child,7.5339,4.000,1.000,3.000,8.000,-2.000,-63.367,0.108,225.000,3.060,12.967,1600,2237,140.6,76.81,9.996,1.269,0.6,1.3,37.16,0.01553,18.43,13.54,24.3,47.07,23.51,9.884,56.42,78.83,55.55,28.09,0.35,0.8551,0.8888,0.6769,0.8,0.1912,0.3798,0.6906,0.07777,373.2,551,52.92,0.5232
19,child2,child,-44.9936,0.000,0.000,0.000,0.000,0.000,0.000,0.013,0.000,0.000,450.000,1326,2120,124.7,87.21,8.853,1.666,0.6,1.194,40.43,0.02171,17.8,14.42,28.5,41.67,27.07,10.19,49.2,72.31,59.28,30,0.4159,0.8365,0.8337,0.5514,0.9163,0.1873,0.3407,0.85,0.08151,382.8,687.8,63.55,0.4791
19,child3,child,-44.9917,0.000,0.000,0.000,0.000,0.000,0.000,0.017,0.000,0.000,450.000,1600,2178,101.4,74.09,7.804,1.413,0.6544,1.3,41.3,0.01682,22.66,12.46,32.66,42.27,25.94,11.03,56.6,71.23,57.5,27.2,0.35,0.8852,0.8909,0.5865,0.9987,0.1726,0.3656,0.8175,0.1053,396.6,566,58.94,0.5392
19,child4,child,-44.9916,0.000,0.000,0.000,0.000,0.000,0.000,0.017,0.000,0.000,450.000,1508,2016,127.1,94.08,9.028,1.54,0.6134,0.9979,39.77,0.0147,23.92,11.64,26.38,46.9,29.94,11.26,48.5,81.06,63.63,29.46,0.4006,0.7476,0.9457,0.6805,0.8298,0.1765,0.3826,0.6179,0.07277,379,466.2,61.03,0.4716
19,child5,child,3.2239,5.000,2.000,3.000,1.000,0.000,-115.150,0.068,234.000,3.740,12.933,1356,2122,119.4,88.47,6.306,1.682,0.6,1.3,35.12,0.01614,20.69,10.94,31.75,50.99,24.55,13.46,64.57,80.37,54.78,29.72,0.399,0.6894,0.8078,0.7018,1,0.1609,0.3614,0.7105,0.08478,398.3,490.1,53.63,0.4925
19,child6,child,-5.3634,0.000,0.000,0.000,0.000,1.000,-15.133,0.327,434.000,2.060,8.783,1600,2052,98.7,74.5,8.324,1.486,0.6,1.3,45.72,0.01522,20.36,10.13,27.28,52.6,25.15,10.81,68.46,84.22,57.56,30,0.35,0.7146,0.7002,0.5859,0.8117,0.2003,0.3797,0.7673,0.07954,382.9,508.7,68.86,0.4241
19,child7,child,-44.9919,0.000,0.000,0.000,0.000,0.000,0.000,0.016,0.000,0.000,450.000,1501,2524,132.1,62.52,8.049,1.622,0.6317,1.187,28.7,0.01809,18.87,11.34,31.76,44.43,24.6,12.68,59.15,60.3,58.15,30,0.3512,0.5551,0.9321,0.582,0.8,0.1704,0.3589,0.6844,0.09239,432,534.4,56.05,0.5044
20,parent,parent,13.9234,6.000,1.000,5.000,12.000,0.000,-71.233,0.706,400.000,4.400,15.650,1580,2134,120.9,75.9,8.816,1.512,0.645,1.3,38.04,0.01641,19.66,11.61,30.74,45.74,26.23,10.25,52.68,83.43,56.78,28.79,0.35,0.7488,0.8804,0.6284,0.9375,0.1795,0.3504,0.7491,0.09087,386.5,539.9,60.89,0.4719
20,child0,child,10.8682,6.000,1.000,5.000,0.000,0.000,-32.367,0.938,224.000,3.720,13.417,1440,2187,131.2,73.75,8.822,1.123,0.7429,1.3,36.47,0.01735,18.86,12.38,29.74,44.07,26.18,11.23,49.1,90.24,50.16,30,0.3824,0.7333,0.9192,0.6281,0.9605,0.2052,0.3447,0.663,0.09457,450.9,534,56.6,0.514
20,child1,child,-44.9914,0.000,0.000,0.000,0.000,0.000,0.000,0.017,0.000,0.000,450.000,1389,2158,145.2,70.59,11.09,1.449,0.6343,1.3,36.74,0.01469,23.87,14.26,23.88,48.86,20.07,11.29,55.51,74.15,61.31,28.42,0.3615,0.8081,0.8703,0.7296,0.8834,0.1787,0.4325,0.6866,0.06901,353.3,658.5,60.1,0.4979
20,child2,child,13.0181,4.000,1.000,3.000,22.000,2.000,55.700,0.768,712.000,4.200,13.400,1600,1902,126.9,87.73,8.001,1.747,0.7053,1.3,31.2,0.01566,21.5,10.16,27.61,46.24,30,9.655,52.88,88.87,42.93,24.29,0.35,0.6828,1,0.7182,1,0.2295,0.2797,0.7553,0.07547,473.1,657.4,63.25,0.4159
20,child3,child,-11.0117,2.000,3.000,-1.000,-2.000,-4.000,-35.550,-0.047,398.000,3.640,11.333,1518,2324,113,80.26,8.204,1.436,0.6,1.214,47.47,0.01641,18.05,10.53,30.66,45.74,28.68,12.27,54.18,88.85,63.51,26.75,0.35,0.6926,0.9726,0.6678,0.8757,0.1991,0.3562,0.7769,0.09939,319.6,460.7,55.03,0.5364
20,child4,child,1.7190,2.000,0.000,2.000,8.000,-1.000,-66.417,-0.343,216.000,1.980,42.233,1600,1825,143.1,70.7,8.773,1.462,0.6,1.3,41.36,0.01651,17.59,12.05,29.2,41.69,25.5,11.42,61,100.7,63.31,30,0.35,0.6961,0.7535,0.7261,0.9208,0.2274,0.3187,0.8082,0.09182,415.9,492.4,62.45,0.4178
20,child5,child,13.2080,5.000,1.000,4.000,6.000,3.000,38.350,0.901,212.000,3.080,11.817,1238,2064,110.5,71.64,9.241,1.612,0.6,1.28,40.75,0.01794,16.18,12.19,31.06,39.27,27.53,7.389,49.9,68.45,46.14,26.43,0.3832,0.6311,0.7287,0.5867,0.9135,0.1366,0.3217,0.8018,0.101,368.2,509.7,57.68,0.4846
20,child6,child,16.0332,5.000,0.000,5.000,8.000,2.000,-13.267,0.942,197.000,2.673,13.350,1586,2245,100.9,66.33,6.725,1.371,0.7009,1.3,32.92,0.01794,19.76,11.24,29.28,40.72,30,10.46,46.23,69.52,45.95,29.64,0.35,0.7695,0.8517,0.7271,0.8771,0.174,0.3383,0.7648,0.09215,386.6,584.9,61.93,0.4242
20,child7,child,4.8036,5.000,0.000,5.000,-5.000,-4.000,-44.683,1.010,481.000,4.013,12.967,1600,1820,105.7,80.77,8.938,1.68,0.6715,1.3,39.06,0.01623,18.67,14.27,35.26,41.23,25.9,11.37,53.92,81.27,55.51,30,0.4005,0.6594,0.8057,0.5214,1,0.1942,0.3143,0.7356,0.06738,521.3,652.1,58.68,0.5165
21,parent,parent,13.0072,4.000,0.000,4.000,11.000,3.000,-30.200,0.831,327.000,2.560,13.783,1586,2245,100.9,66.33,6.725,1.371,0.7009,1.3,32.92,0.01794,19.76,11.24,29.28,40.72,30,10.46,46.23,69.52,45.95,29.64,0.35,0.7695,0.8517,0.7271,0.8771,0.174,0.3383,0.7648,0.09215,386.6,584.9,61.93,0.4242
21,child0,child,-3.9497,0.000,0.000,0.000,0.000,0.000,-46.750,-0.026,235.000,1.467,5.050,1600,2115,101.3,68.88,6.79,1.256,0.7655,1.3,28.78,0.0183,20.59,13.97,25.18,45.19,30,8.581,53.39,68.6,41.84,30,0.35,0.704,0.9519,0.7959,0.924,0.1709,0.2606,0.7548,0.1118,404.9,583,69.01,0.5121
21,child1,child,-6.8262,4.000,1.000,3.000,1.000,-1.000,-172.983,-0.560,139.000,2.447,107.517,1349,2171,107.9,67.48,6.348,1.384,0.6541,1.3,29.38,0.0184,18.82,10.98,28.71,36.74,29.2,9.803,37.08,74.49,41.41,30,0.35,0.8455,0.9904,0.8,0.8566,0.1964,0.3319,0.7624,0.0786,356.4,535.8,59.52,0.4895
21,child2,child,-44.9922,0.000,0.000,0.000,0.000,0.000,0.000,0.016,0.000,0.000,450.000,1600,2266,96.97,69.67,5.745,1.265,0.6956,1.3,32.51,0.01605,26.42,11.88,28.64,40.84,30,9.608,47.11,69.77,57.82,22.72,0.35,0.9,0.8916,0.8,0.8716,0.1611,0.3893,0.681,0.1152,336.9,504.6,57.04,0.4308
21,child3,child,-44.9937,0.000,0.000,0.000,0.000,0.000,0.000,0.013,0.000,0.000,450.000,1600,2441,99.18,63.77,6.727,1.347,0.6777,1.3,35.97,0.01669,18.06,12.36,28.93,33.45,26.42,10.51,41.67,66.87,55.28,30,0.3664,0.7355,0.8053,0.6726,0.8995,0.1902,0.3367,0.7527,0.09377,361.8,536.8,50.75,0.4195
21,child4,child,16.8427,5.000,0.000,5.000,5.000,5.000,37.333,1.027,128.000,2.560,13.817,1600,1863,106.6,57.35,6.308,1.19,0.9092,1.294,35.33,0.01938,22.36,12.19,34.53,37.58,30,11.92,47.36,81.22,45.41,30,0.353,0.8614,1,0.7971,0.8,0.2106,0.2708,0.85,0.1363,452.8,578.3,62.55,0.434
21,child5,child,26.0126,6.000,0.000,6.000,26.000,4.000,64.217,1.517,601.000,4.353,13.850,1600,2123,108.1,58.71,6.209,1.386,0.6,1.053,31.47,0.01977,16.66,14.15,29.21,37.3,30,12.27,40.54,63.16,39.47,30,0.3872,0.8987,0.8396,0.758,0.8,0.1882,0.3164,0.7846,0.07833,415.6,650.8,62.55,0.4003
21,child6,child,8.4767,3.000,0.000,3.000,6.000,1.000,-46.933,0.517,168.000,2.000,11.633,1573,2043,101.8,60.2,6.739,1.441,0.7229,1.3,26.3,0.01835,21.25,11.43,35.27,45.05,27.45,9.3,43.94,89.25,44.24,26.04,0.3604,0.7882,0.7764,0.8,0.8,0.1754,0.3133,0.6712,0.09381,354.9,697.1,58.37,0.4901
21,child7,child,-0.4169,1.000,0.000,1.000,0.000,0.000,-33.650,0.113,193.000,1.653,7.050,1302,2014,95.04,64.56,6.575,1.149,0.7585,1.13,38.74,0.01964,15.44,12.97,32.32,47.73,30,10.8,41.11,93.47,44.75,27.02,0.3592,0.6266,0.7804,0.8,0.9783,0.1597,0.2893,0.85,0.09714,378.9,539.7,67.59,0.552
22,parent,parent,30.8490,8.000,0.000,8.000,15.000,14.000,123.100,1.539,482.000,5.007,13.617,1600,2123,108.1,58.71,6.209,1.386,0.6,1.053,31.47,0.01977,16.66,14.15,29.21,37.3,30,12.27,40.54,63.16,39.47,30,0.3872,0.8987,0.8396,0.758,0.8,0.1882,0.3164,0.7846,0.07833,415.6,650.8,62.55,0.4003
22,child0,child,7.6901,3.000,0.000,3.000,2.000,1.000,3.183,0.182,166.000,1.827,8.217,1552,2418,106.8,60.67,7.259,1.277,0.6,1.034,21.81,0.01817,17.98,15.51,28.48,46.37,24.57,12.45,39.96,60,37,26.22,0.393,0.9,0.7,0.7308,0.8149,0.1754,0.3253,0.7263,0.08622,474.4,643.7,67.42,0.3715
22,child1,child,-22.1829,2.000,5.000,-3.000,-3.000,-4.000,-127.600,-1.522,332.000,3.213,39.283,1369,2050,122.7,56.92,6.939,1.271,0.7353,1.169,33.61,0.01888,13.97,11.37,28.36,42.53,30,12.75,42.02,60,38.77,26.32,0.4168,0.9,0.8934,0.8,0.8743,0.173,0.2796,0.85,0.08575,500.1,706.3,45.14,0.4579
22,child2,child,20.4957,6.000,0.000,6.000,17.000,5.000,-10.600,1.109,390.000,3.987,30.483,1600,2530,127.1,69.01,6.504,1.478,0.6,1.04,26.22,0.01885,17.02,14.11,30.82,29.14,30,14.31,38.28,60,35.61,29.87,0.3953,0.9,0.7116,0.6238,0.9009,0.1616,0.3056,0.85,0.0976,385.9,712.3,67.36,0.3666
22,child3,child,-44.9913,0.000,0.000,0.000,0.000,0.000,0.000,0.017,0.000,0.000,450.000,1600,1792,98.89,65.41,7.369,1.364,0.6236,0.8953,37.13,0.01907,16.45,14.61,26.38,41.04,30,11.94,38.64,60,45.77,27.76,0.3929,0.9,0.8373,0.8,0.8,0.1999,0.2579,0.71,0.07639,447.6,709.2,57.62,0.3924
22,child4,child,-7.6890,1.000,2.000,-1.000,-1.000,-1.000,-63.767,-0.349,121.000,1.827,11.467,1369,1903,106.3,71.95,4.702,1.371,0.6,1.062,28.85,0.01717,17.06,15.39,26.1,39.03,30,14.04,35.4,60,34.75,30,0.3677,0.8248,0.8318,0.7163,0.9258,0.2191,0.3372,0.85,0.07542,320.8,674.6,55.65,0.4241
22,child5,child,-2.9372,5.000,4.000,1.000,2.000,1.000,-60.400,0.086,414.000,4.907,13.417,1280,2030,125.4,48.57,6.818,1.3,0.682,1.16,33.24,0.02192,17.53,13.73,31.67,36.55,29.64,11.24,37.64,66.54,38.08,27.29,0.35,0.9,0.8799,0.7414,0.8,0.2169,0.3895,0.6668,0.08595,398,612,56.64,0.3722
22,child6,child,3.8219,4.000,0.000,4.000,12.000,1.000,-137.683,0.151,350.000,2.900,79.100,1588,1811,124.5,53.54,5.903,1.704,0.616,1.157,27.55,0.01718,23.16,13.35,29.03,35.34,23.21,10.76,33.92,73.6,36.3,27.45,0.389,0.7742,0.8523,0.6968,0.8533,0.1811,0.3556,0.7641,0.08515,443.5,778.8,68.52,0.3443
22,child7,child,21.9283,8.000,1.000,7.000,11.000,4.000,14.450,1.221,406.000,5.213,16.900,1455,2135,112.9,49.36,5.72,1.331,0.6,1.105,31.91,0.02026,18.12,16.03,32.95,36.35,30,13.6,36.93,69.17,38.21,30,0.4636,0.7326,0.8428,0.7696,0.8,0.1782,0.4263,0.85,0.1025,448.3,413.4,49.31,0.3939
23,parent,parent,16.8559,6.000,0.000,6.000,3.000,3.000,7.217,1.048,223.000,3.540,13.283,1600,2123,108.1,58.71,6.209,1.386,0.6,1.053,31.47,0.01977,16.66,14.15,29.21,37.3,30,12.27,40.54,63.16,39.47,30,0.3872,0.8987,0.8396,0.758,0.8,0.1882,0.3164,0.7846,0.07833,415.6,650.8,62.55,0.4003
23,child0,child,7.6936,4.000,1.000,3.000,15.000,3.000,-23.983,0.104,386.000,3.687,47.500,1600,1955,111.2,55.58,6.627,1.252,0.6,1.069,24.53,0.01814,13.99,13.69,30.22,31.58,30,12.14,43.26,60,37,30,0.3672,0.9,0.7875,0.6302,0.8,0.1712,0.2946,0.814,0.07094,384.1,632.4,50.32,0.4573
23,child1,child,-44.9921,0.000,0.000,0.000,0.000,0.000,0.000,0.016,0.000,0.000,450.000,1544,2600,132.9,45.66,5.75,1.703,0.6037,1.233,39.28,0.02083,15.64,13.28,27.66,45.24,30,11.5,42.61,60,48.21,30,0.3855,0.9,0.7292,0.701,0.8515,0.1905,0.3444,0.85,0.0659,441.2,777,53.34,0.3921
23,child2,child,-1.7947,0.000,0.000,0.000,0.000,0.000,-0.250,-0.197,119.000,0.927,4.083,1338,2206,93.52,58.37,5.891,1.378,0.6014,1.054,24.4,0.01945,20.12,11.87,29.71,38.37,27.7,8.852,44.44,67.73,32.79,27.47,0.4153,0.9,0.88,0.7413,0.8,0.217,0.3136,0.8137,0.07135,465.4,617.7,59.78,0.3882
23,child3,child,-44.9901,0.000,0.000,0.000,0.000,0.000,0.000,0.020,0.000,0.000,450.000,1600,2063,110.1,61.24,6.035,1.265,0.6,1.09,32.05,0.0147,17.45,15.17,28.64,26.32,30,13.36,43.38,60,40.93,30,0.5059,0.8188,0.7909,0.8,0.8075,0.1847,0.3465,0.85,0.09173,385.9,576.5,63.05,0.3809
23,child4,child,-44.9914,0.000,0.000,0.000,0.000,0.000,0.000,0.017,0.000,0.000,450.000,1600,2600,133.1,51.35,5.578,1.177,0.6973,1.032,33.13,0.0184,18.59,12.99,32.41,36.74,28,11.92,39.29,60,39.94,30,0.409,0.7039,0.7994,0.7515,0.8,0.1492,0.2896,0.767,0.06634,469.1,683.3,51.58,0.3527
23,child5,child,-2.7273,0.000,0.000,0.000,0.000,1.000,11.683,-0.341,143.000,1.373,14.233,1600,2019,95.07,52.58,6.366,1.368,0.6,1.004,34.46,0.01804,18.11,14.88,27.17,40.64,30,11.69,44.05,73.39,35.28,30,0.4118,0.9,0.8185,0.6856,0.8052,0.1665,0.2924,0.6713,0.08684,435.3,697,81.86,0.3752
23,child6,child,1.4812,1.000,1.000,0.000,11.000,0.000,12.217,0.167,302.000,2.300,10.967,1600,1688,97.01,56.62,6.707,1.239,0.6,1.063,19.87,0.02564,14.83,15.28,29.75,37.25,27.76,12.6,46.42,67.64,42.34,30,0.4241,0.8076,0.8654,0.66,0.8674,0.1532,0.3097,0.7316,0.06722,362.1,613.8,64.98,0.3712
23,child7,child,20.3214,6.000,0.000,6.000,14.000,3.000,6.667,1.110,414.000,4.387,13.883,1600,1852,136.7,48.68,5.58,1.378,0.6,1.023,32.74,0.02064,15.96,15.25,30.55,30.24,25.33,13.39,42.71,66.22,42.06,30,0.3638,0.9,0.7623,0.6076,0.9623,0.2006,0.2939,0.7221,0.08374,396.8,639.8,58.58,0.4102
24,parent,parent,13.0026,3.000,0.000,3.000,20.000,2.000,-0.750,0.496,511.000,3.953,11.250,1600,1852,136.7,48.68,5.58,1.378,0.6,1.023,32.74,0.02064,15.96,15.25,30.55,30.24,25.33,13.39,42.71,66.22,42.06,30,0.3638,0.9,0.7623,0.6076,0.9623,0.2006,0.2939,0.7221,0.08374,396.8,639.8,58.58,0.4102
24,child0,child,-44.9924,0.000,0.000,0.000,0.000,0.000,0.000,0.015,0.000,0.000,450.000,1600,1856,142.6,46.96,4.936,1.392,0.6816,0.9528,36.8,0.02054,13.06,13.09,34.57,38.5,23.26,14.16,37.37,60,45.32,29.49,0.35,0.7911,0.9916,0.7727,0.9065,0.1799,0.2525,0.6978,0.08401,314.2,683.1,47.56,0.4621
24,child1,child,-3.4582,3.000,0.000,3.000,6.000,0.000,-1.250,-0.592,328.000,3.707,114.867,1600,1963,115.3,54.26,5.764,1.342,0.6,0.8805,41.76,0.0237,16.03,16.43,32.96,30.15,30,14.94,41.46,65.84,39.53,25.63,0.3529,0.9,0.7856,0.578,0.96,0.2412,0.3224,0.6412,0.07838,456.8,603.6,61.71,0.3667
24,child2,child,34.2637,10.000,0.000,10.000,13.000,9.000,67.900,1.007,314.000,5.327,22.250,1600,1834,136.4,52.53,5.679,1.379,0.6,0.9667,29.34,0.02096,15.64,17.84,25.98,33.53,26.93,10.58,47.03,69.27,47.28,30,0.4546,0.9,0.831,0.5749,0.9849,0.2271,0.3378,0.8038,0.0814,508.3,719.4,61.96,0.4788
24,child3,child,-4.0971,5.000,1.000,4.000,-1.000,0.000,-10.517,1.090,214.000,3.653,134.267,1488,2117,131.2,57.6,5.639,1.377,0.6,1.158,34.5,0.01738,14.97,16.29,26.92,26.72,24.46,12.77,35.14,67.87,46,29.51,0.3712,0.9,0.83,0.5371,0.9264,0.1947,0.3128,0.6413,0.08337,375.9,703.7,48.62,0.4564
24,child4,child,26.0629,7.000,0.000,7.000,19.000,5.000,28.700,0.957,465.000,4.980,13.417,1575,2294,122.5,51.01,5.224,1.606,0.6,1.035,33.64,0.02443,20.15,14.8,27.82,37.03,23.4,15.67,34.42,60,36.88,28.61,0.3873,0.8381,0.7262,0.4976,1,0.2561,0.3854,0.85,0.09343,402.8,587.3,45.97,0.4463
24,child5,child,-13.5677,1.000,0.000,1.000,1.000,1.000,-120.983,-1.123,142.000,1.880,126.783,1460,1724,143.3,46.24,5.306,1.123,0.6636,0.9799,36.52,0.02024,16.96,17.12,26.78,35.55,20.79,14.95,51.31,81.49,47.4,29.68,0.35,0.824,0.7,0.6016,0.9493,0.2302,0.2296,0.649,0.07619,416,639.4,61.85,0.3837
24,child6,child,-21.9334,4.000,2.000,2.000,-8.000,-5.000,-218.150,-1.076,273.000,3.660,149.367,1450,1698,138.1,56.25,5.461,1.553,0.6,0.8941,36.15,0.02108,15.46,14.57,26.12,31.79,30,14.13,41.01,63.58,39.45,30,0.382,0.8278,0.7581,0.5293,0.8965,0.1738,0.3299,0.7604,0.08145,450.1,762,60.55,0.3906
24,child7,child,-44.9926,0.000,0.000,0.000,0.000,0.000,0.000,0.015,0.000,0.000,450.000,1475,1863,124,38.71,5.983,1.397,0.6307,1.004,33.96,0.02374,14.31,20.16,33.58,26.8,25.2,13.97,43.15,66.24,50.36,29,0.35,0.844,0.902,0.6078,1,0.2088,0.2815,0.6435,0.09753,414.2,605.1,68.71,0.3881
